fecha,indicador,operadora,valor,origen_valor
01/02/2018,Compras en POS con Tarjeta de Crédito,1560599,1436405,OMP 01
01/03/2018,Compras en POS con Tarjeta de Crédito,1560599,1443955,OMP 01
01/04/2018,Compras en POS con Tarjeta de Crédito,1560599,1607149,OMP 01
01/05/2018,Compras en POS con Tarjeta de Crédito,1560599,1582679,OMP 01
01/06/2018,Compras en POS con Tarjeta de Crédito,1560599,1513014,OMP 01
01/07/2018,Compras en POS con Tarjeta de Crédito,1560599,1797169,OMP 01
01/08/2018,Compras en POS con Tarjeta de Crédito,1560599,1671581,OMP 01
01/09/2018,Compras en POS con Tarjeta de Crédito,1560599,1531158,OMP 01
01/10/2018,Compras en POS con Tarjeta de Crédito,1560599,1783306,OMP 01
01/11/2018,Compras en POS con Tarjeta de Crédito,1560599,1735737,OMP 01
01/12/2018,Compras en POS con Tarjeta de Crédito,1560599,1621623,OMP 01
01/01/2019,Compras en POS con Tarjeta de Crédito,1560599,1718665,OMP 01
01/02/2019,Compras en POS con Tarjeta de Crédito,1560599,1565041,OMP 01
01/03/2019,Compras en POS con Tarjeta de Crédito,1560599,1599283,OMP 01
01/04/2019,Compras en POS con Tarjeta de Crédito,1560599,1739694,OMP 01
01/05/2019,Compras en POS con Tarjeta de Crédito,1560599,1746323,OMP 01
01/06/2019,Compras en POS con Tarjeta de Crédito,1560599,1594638,OMP 01
01/07/2019,Compras en POS con Tarjeta de Crédito,1560599,1864487,OMP 01
01/08/2019,Compras en POS con Tarjeta de Crédito,1560599,1748297,OMP 01
01/09/2019,Compras en POS con Tarjeta de Crédito,1560599,1784883,OMP 01
01/10/2019,Compras en POS con Tarjeta de Crédito,1560599,1815023,OMP 01
01/11/2019,Compras en POS con Tarjeta de Crédito,1560599,1790542,OMP 01
01/12/2019,Compras en POS con Tarjeta de Crédito,1560599,1848978,OMP 01
01/01/2020,Compras en POS con Tarjeta de Crédito,1560599,1696792,OMP 01
01/02/2020,Compras en POS con Tarjeta de Crédito,1560599,1661104,OMP 01
01/03/2020,Compras en POS con Tarjeta de Crédito,1560599,1367317,OMP 01
01/04/2020,Compras en POS con Tarjeta de Crédito,1560599,640695,OMP 01
01/05/2020,Compras en POS con Tarjeta de Crédito,1560599,795444,OMP 01
01/06/2020,Compras en POS con Tarjeta de Crédito,1560599,958225,OMP 01
01/07/2020,Compras en POS con Tarjeta de Crédito,1560599,1090698,OMP 01
01/08/2020,Compras en POS con Tarjeta de Crédito,1560599,1106891,OMP 01
01/09/2020,Compras en POS con Tarjeta de Crédito,1560599,1134699,OMP 01
01/10/2020,Compras en POS con Tarjeta de Crédito,1560599,1298620,OMP 01
01/11/2020,Compras en POS con Tarjeta de Crédito,1560599,1429871,OMP 01
01/12/2020,Compras en POS con Tarjeta de Crédito,1560599,1466840,OMP 01
01/01/2021,Compras en POS con Tarjeta de Crédito,1560599,1361907.4,OMP 01
01/02/2021,Compras en POS con Tarjeta de Crédito,1560599,1424916.4,OMP 01
01/03/2021,Compras en POS con Tarjeta de Crédito,1560599,1568163.8,OMP 01
01/04/2021,Compras en POS con Tarjeta de Crédito,1560599,1365750.4,OMP 01
01/05/2021,Compras en POS con Tarjeta de Crédito,1560599,1526530.4,OMP 01
01/06/2021,Compras en POS con Tarjeta de Crédito,1560599,1518994.8,OMP 01
01/07/2021,Compras en POS con Tarjeta de Crédito,1560599,1630960,OMP 01
01/08/2021,Compras en POS con Tarjeta de Crédito,1560599,1889117.8,OMP 01
01/09/2021,Compras en POS con Tarjeta de Crédito,1560599,1840004.4,OMP 01
01/10/2021,Compras en POS con Tarjeta de Crédito,1560599,1829779.4,OMP 01
01/11/2021,Compras en POS con Tarjeta de Crédito,1560599,2143380.2,OMP 01
01/12/2021,Compras en POS con Tarjeta de Crédito,1560599,2025060,OMP 01
01/01/2022,Compras en POS con Tarjeta de Crédito,1560599,1852549,OMP 01
01/02/2022,Compras en POS con Tarjeta de Crédito,1560599,1638791,OMP 01
01/03/2022,Compras en POS con Tarjeta de Crédito,1560599,2226331,OMP 01
01/04/2022,Compras en POS con Tarjeta de Crédito,1560599,1961017,OMP 01
01/05/2022,Compras en POS con Tarjeta de Crédito,1560599,2279510,OMP 01
01/06/2022,Compras en POS con Tarjeta de Crédito,1560599,2218341,OMP 01
01/07/2022,Compras en POS con Tarjeta de Crédito,1560599,2267334,OMP 01
01/08/2022,Compras en POS con Tarjeta de Crédito,1560599,2598241,OMP 01
01/09/2022,Compras en POS con Tarjeta de Crédito,1560599,2374146,OMP 01
01/10/2022,Compras en POS con Tarjeta de Crédito,1560599,2426569,OMP 01
01/11/2022,Compras en POS con Tarjeta de Crédito,1560599,2421746,OMP 01
01/12/2022,Compras en POS con Tarjeta de Crédito,1560599,2329978,OMP 01
01/01/2023,Compras en POS con Tarjeta de Crédito,1560599,2427234,OMP 01
01/02/2023,Compras en POS con Tarjeta de Crédito,1560599,2229239,OMP 01
01/03/2023,Compras en POS con Tarjeta de Crédito,1560599,2518047,OMP 01
01/04/2023,Compras en POS con Tarjeta de Crédito,1560599,2223291,OMP 01
01/05/2023,Compras en POS con Tarjeta de Crédito,1560599,2701451,OMP 01
01/06/2023,Compras en POS con Tarjeta de Crédito,1560599,2595731,OMP 01
01/07/2023,Compras en POS con Tarjeta de Crédito,1560599,2806895,OMP 01
01/08/2023,Compras en POS con Tarjeta de Crédito,1560599,2927812,OMP 01
01/09/2023,Compras en POS con Tarjeta de Crédito,1560599,2807694,OMP 01
01/10/2023,Compras en POS con Tarjeta de Crédito,1560599,3247176,OMP 01
01/11/2023,Compras en POS con Tarjeta de Crédito,1560599,3085899,OMP 01
01/12/2023,Compras en POS con Tarjeta de Crédito,1560599,2980156,OMP 01
01/01/2024,Compras en POS con Tarjeta de Crédito,1560599,3255096,OMP 01
01/02/2024,Compras en POS con Tarjeta de Crédito,1560599,3071045,OMP 01
01/03/2024,Compras en POS con Tarjeta de Crédito,1560599,3072384,OMP 01
01/04/2024,Compras en POS con Tarjeta de Crédito,1560599,3655253,OMP 01
01/05/2024,Compras en POS con Tarjeta de Crédito,1560599,3533548,OMP 01
01/06/2024,Compras en POS con Tarjeta de Crédito,1560599,3354425,OMP 01
01/07/2024,Compras en POS con Tarjeta de Crédito,1560599,4113979,OMP 01
01/08/2024,Compras en POS con Tarjeta de Crédito,1560599,4009247,OMP 01
01/09/2024,Compras en POS con Tarjeta de Crédito,1560599,3787188,OMP 01
01/10/2024,Compras en POS con Tarjeta de Crédito,1560599,4666923,OMP 01
01/11/2024,Compras en POS con Tarjeta de Crédito,1560599,4807631,OMP 01
01/12/2024,Compras en POS con Tarjeta de Crédito,1560599,5656026,OMP 01
01/01/2025,Compras en POS con Tarjeta de Crédito,1560599,5604923,OMP 01
01/02/2025,Compras en POS con Tarjeta de Crédito,1560599,5559964,OMP 01
01/03/2025,Compras en POS con Tarjeta de Crédito,1560599,6355833,OMP 01
01/04/2025,Compras en POS con Tarjeta de Crédito,1560599,6042524,OMP 01
01/05/2025,Compras en POS con Tarjeta de Crédito,1560599,6180114,OMP 01
01/06/2025,Compras en POS con Tarjeta de Crédito,1560599,6374737,OMP 01
01/07/2025,Compras en POS con Tarjeta de Crédito,1560599,7079715,OMP 01
01/08/2025,Compras en POS con Tarjeta de Crédito,1560599,7064276,OMP 01
01/09/2025,Compras en POS con Tarjeta de Crédito,1560599,7974624,OMP 01
01/10/2025,Compras en POS con Tarjeta de Crédito,1560599,7617230,OMP 01
01/11/2025,Compras en POS con Tarjeta de Crédito,1560599,7018990,OMP 01
01/12/2025,Compras en POS con Tarjeta de Crédito,1560599,8000225,OMP 01
01/01/2026,Compras en POS con Tarjeta de Crédito,1560599,7140317,OMP 01
01/02/2026,Compras en POS con Tarjeta de Crédito,1560599,6840838,OMP 01
01/03/2026,Compras en POS con Tarjeta de Crédito,1560599,7761676,OMP 01
01/02/2018,Compras en Internet con Tarjeta de Crédito,29920,25725,OMP 01
01/03/2018,Compras en Internet con Tarjeta de Crédito,29920,26094,OMP 01
01/04/2018,Compras en Internet con Tarjeta de Crédito,29920,31324,OMP 01
01/05/2018,Compras en Internet con Tarjeta de Crédito,29920,29094,OMP 01
01/06/2018,Compras en Internet con Tarjeta de Crédito,29920,25728,OMP 01
01/07/2018,Compras en Internet con Tarjeta de Crédito,29920,31679,OMP 01
01/08/2018,Compras en Internet con Tarjeta de Crédito,29920,30865,OMP 01
01/09/2018,Compras en Internet con Tarjeta de Crédito,29920,25345,OMP 01
01/10/2018,Compras en Internet con Tarjeta de Crédito,29920,30954,OMP 01
01/11/2018,Compras en Internet con Tarjeta de Crédito,29920,33515,OMP 01
01/12/2018,Compras en Internet con Tarjeta de Crédito,29920,27464,OMP 01
01/01/2019,Compras en Internet con Tarjeta de Crédito,29920,35745,OMP 01
01/02/2019,Compras en Internet con Tarjeta de Crédito,29920,30451,OMP 01
01/03/2019,Compras en Internet con Tarjeta de Crédito,29920,30627,OMP 01
01/04/2019,Compras en Internet con Tarjeta de Crédito,29920,32979,OMP 01
01/05/2019,Compras en Internet con Tarjeta de Crédito,29920,30517,OMP 01
01/06/2019,Compras en Internet con Tarjeta de Crédito,29920,27690,OMP 01
01/07/2019,Compras en Internet con Tarjeta de Crédito,29920,34693,OMP 01
01/08/2019,Compras en Internet con Tarjeta de Crédito,29920,32504,OMP 01
01/09/2019,Compras en Internet con Tarjeta de Crédito,29920,31439,OMP 01
01/10/2019,Compras en Internet con Tarjeta de Crédito,29920,38146,OMP 01
01/11/2019,Compras en Internet con Tarjeta de Crédito,29920,35191,OMP 01
01/12/2019,Compras en Internet con Tarjeta de Crédito,29920,37587,OMP 01
01/01/2020,Compras en Internet con Tarjeta de Crédito,29920,36145,OMP 01
01/02/2020,Compras en Internet con Tarjeta de Crédito,29920,35680,OMP 01
01/03/2020,Compras en Internet con Tarjeta de Crédito,29920,35555,OMP 01
01/04/2020,Compras en Internet con Tarjeta de Crédito,29920,38103,OMP 01
01/05/2020,Compras en Internet con Tarjeta de Crédito,29920,47587,OMP 01
01/06/2020,Compras en Internet con Tarjeta de Crédito,29920,54077,OMP 01
01/07/2020,Compras en Internet con Tarjeta de Crédito,29920,55278,OMP 01
01/08/2020,Compras en Internet con Tarjeta de Crédito,29920,61564,OMP 01
01/09/2020,Compras en Internet con Tarjeta de Crédito,29920,66255,OMP 01
01/10/2020,Compras en Internet con Tarjeta de Crédito,29920,76592,OMP 01
01/11/2020,Compras en Internet con Tarjeta de Crédito,29920,89574,OMP 01
01/12/2020,Compras en Internet con Tarjeta de Crédito,29920,88319,OMP 01
01/01/2021,Compras en Internet con Tarjeta de Crédito,29920,83321,OMP 01
01/02/2021,Compras en Internet con Tarjeta de Crédito,29920,88444,OMP 01
01/03/2021,Compras en Internet con Tarjeta de Crédito,29920,112303,OMP 01
01/04/2021,Compras en Internet con Tarjeta de Crédito,29920,114461,OMP 01
01/05/2021,Compras en Internet con Tarjeta de Crédito,29920,127063,OMP 01
01/06/2021,Compras en Internet con Tarjeta de Crédito,29920,126754,OMP 01
01/07/2021,Compras en Internet con Tarjeta de Crédito,29920,150584,OMP 01
01/08/2021,Compras en Internet con Tarjeta de Crédito,29920,165436,OMP 01
01/09/2021,Compras en Internet con Tarjeta de Crédito,29920,160113,OMP 01
01/10/2021,Compras en Internet con Tarjeta de Crédito,29920,159819,OMP 01
01/11/2021,Compras en Internet con Tarjeta de Crédito,29920,195451,OMP 01
01/12/2021,Compras en Internet con Tarjeta de Crédito,29920,188429,OMP 01
01/01/2022,Compras en Internet con Tarjeta de Crédito,29920,181328,OMP 01
01/02/2022,Compras en Internet con Tarjeta de Crédito,29920,148901,OMP 01
01/03/2022,Compras en Internet con Tarjeta de Crédito,29920,209461,OMP 01
01/04/2022,Compras en Internet con Tarjeta de Crédito,29920,187923,OMP 01
01/05/2022,Compras en Internet con Tarjeta de Crédito,29920,215163,OMP 01
01/06/2022,Compras en Internet con Tarjeta de Crédito,29920,211361,OMP 01
01/07/2022,Compras en Internet con Tarjeta de Crédito,29920,218065,OMP 01
01/08/2022,Compras en Internet con Tarjeta de Crédito,29920,249517,OMP 01
01/09/2022,Compras en Internet con Tarjeta de Crédito,29920,252609,OMP 01
01/10/2022,Compras en Internet con Tarjeta de Crédito,29920,282388,OMP 01
01/11/2022,Compras en Internet con Tarjeta de Crédito,29920,259126,OMP 01
01/12/2022,Compras en Internet con Tarjeta de Crédito,29920,236307,OMP 01
01/01/2023,Compras en Internet con Tarjeta de Crédito,29920,250383,OMP 01
01/02/2023,Compras en Internet con Tarjeta de Crédito,29920,249081,OMP 01
01/03/2023,Compras en Internet con Tarjeta de Crédito,29920,320555,OMP 01
01/04/2023,Compras en Internet con Tarjeta de Crédito,29920,267752,OMP 01
01/05/2023,Compras en Internet con Tarjeta de Crédito,29920,361070,OMP 01
01/06/2023,Compras en Internet con Tarjeta de Crédito,29920,339197,OMP 01
01/07/2023,Compras en Internet con Tarjeta de Crédito,29920,389937,OMP 01
01/08/2023,Compras en Internet con Tarjeta de Crédito,29920,396254,OMP 01
01/09/2023,Compras en Internet con Tarjeta de Crédito,29920,460360,OMP 01
01/10/2023,Compras en Internet con Tarjeta de Crédito,29920,609894,OMP 01
01/11/2023,Compras en Internet con Tarjeta de Crédito,29920,638811,OMP 01
01/12/2023,Compras en Internet con Tarjeta de Crédito,29920,577453,OMP 01
01/01/2024,Compras en Internet con Tarjeta de Crédito,29920,676660,OMP 01
01/02/2024,Compras en Internet con Tarjeta de Crédito,29920,712497,OMP 01
01/03/2024,Compras en Internet con Tarjeta de Crédito,29920,693359,OMP 01
01/04/2024,Compras en Internet con Tarjeta de Crédito,29920,840778,OMP 01
01/05/2024,Compras en Internet con Tarjeta de Crédito,29920,806614,OMP 01
01/06/2024,Compras en Internet con Tarjeta de Crédito,29920,782027,OMP 01
01/07/2024,Compras en Internet con Tarjeta de Crédito,29920,949851,OMP 01
01/08/2024,Compras en Internet con Tarjeta de Crédito,29920,890914,OMP 01
01/09/2024,Compras en Internet con Tarjeta de Crédito,29920,874711,OMP 01
01/10/2024,Compras en Internet con Tarjeta de Crédito,29920,1121111,OMP 01
01/11/2024,Compras en Internet con Tarjeta de Crédito,29920,1090265,OMP 01
01/12/2024,Compras en Internet con Tarjeta de Crédito,29920,1211204,OMP 01
01/01/2025,Compras en Internet con Tarjeta de Crédito,29920,1079882,OMP 01
01/02/2025,Compras en Internet con Tarjeta de Crédito,29920,957261,OMP 01
01/03/2025,Compras en Internet con Tarjeta de Crédito,29920,1159277,OMP 01
01/04/2025,Compras en Internet con Tarjeta de Crédito,29920,1243496,OMP 01
01/05/2025,Compras en Internet con Tarjeta de Crédito,29920,1260307,OMP 01
01/06/2025,Compras en Internet con Tarjeta de Crédito,29920,1307086,OMP 01
01/07/2025,Compras en Internet con Tarjeta de Crédito,29920,1464642,OMP 01
01/08/2025,Compras en Internet con Tarjeta de Crédito,29920,1520808,OMP 01
01/09/2025,Compras en Internet con Tarjeta de Crédito,29920,1800577,OMP 01
01/10/2025,Compras en Internet con Tarjeta de Crédito,29920,1843503,OMP 01
01/11/2025,Compras en Internet con Tarjeta de Crédito,29920,1881783,OMP 01
01/12/2025,Compras en Internet con Tarjeta de Crédito,29920,2065967,OMP 01
01/01/2026,Compras en Internet con Tarjeta de Crédito,29920,1835782,OMP 01
01/02/2026,Compras en Internet con Tarjeta de Crédito,29920,1812952,OMP 01
01/03/2026,Compras en Internet con Tarjeta de Crédito,29920,2032155,OMP 01
01/02/2018,Extracciones en ATM,195557,191119,OMP 01
01/03/2018,Extracciones en ATM,195557,191385,OMP 01
01/04/2018,Extracciones en ATM,195557,204323,OMP 01
01/05/2018,Extracciones en ATM,195557,205708,OMP 01
01/06/2018,Extracciones en ATM,195557,199568,OMP 01
01/07/2018,Extracciones en ATM,195557,215412,OMP 01
01/08/2018,Extracciones en ATM,195557,213167,OMP 01
01/09/2018,Extracciones en ATM,195557,203069,OMP 01
01/10/2018,Extracciones en ATM,195557,233372,OMP 01
01/11/2018,Extracciones en ATM,195557,221933,OMP 01
01/12/2018,Extracciones en ATM,195557,170414,OMP 01
01/01/2019,Extracciones en ATM,195557,197616,OMP 01
01/02/2019,Extracciones en ATM,195557,198811,OMP 01
01/03/2019,Extracciones en ATM,195557,203927,OMP 01
01/04/2019,Extracciones en ATM,195557,210680,OMP 01
01/05/2019,Extracciones en ATM,195557,219539,OMP 01
01/06/2019,Extracciones en ATM,195557,208941,OMP 01
01/07/2019,Extracciones en ATM,195557,226163,OMP 01
01/08/2019,Extracciones en ATM,195557,219216,OMP 01
01/09/2019,Extracciones en ATM,195557,221149,OMP 01
01/10/2019,Extracciones en ATM,195557,228416,OMP 01
01/11/2019,Extracciones en ATM,195557,226186,OMP 01
01/12/2019,Extracciones en ATM,195557,177448,OMP 01
01/01/2020,Extracciones en ATM,195557,189775,OMP 01
01/02/2020,Extracciones en ATM,195557,200236,OMP 01
01/03/2020,Extracciones en ATM,195557,161822,OMP 01
01/04/2020,Extracciones en ATM,195557,59679,OMP 01
01/05/2020,Extracciones en ATM,195557,73969,OMP 01
01/06/2020,Extracciones en ATM,195557,92652,OMP 01
01/07/2020,Extracciones en ATM,195557,107233,OMP 01
01/08/2020,Extracciones en ATM,195557,109677,OMP 01
01/09/2020,Extracciones en ATM,195557,120855,OMP 01
01/10/2020,Extracciones en ATM,195557,138505,OMP 01
01/11/2020,Extracciones en ATM,195557,143904,OMP 01
01/12/2020,Extracciones en ATM,195557,114669,OMP 01
01/01/2021,Extracciones en ATM,195557,120793,OMP 01
01/02/2021,Extracciones en ATM,195557,141152,OMP 01
01/03/2021,Extracciones en ATM,195557,148823,OMP 01
01/04/2021,Extracciones en ATM,195557,137665,OMP 01
01/05/2021,Extracciones en ATM,195557,145895,OMP 01
01/06/2021,Extracciones en ATM,195557,143305,OMP 01
01/07/2021,Extracciones en ATM,195557,164589,OMP 01
01/08/2021,Extracciones en ATM,195557,168908,OMP 01
01/09/2021,Extracciones en ATM,195557,223425,OMP 01
01/10/2021,Extracciones en ATM,195557,226591.4,OMP 01
01/11/2021,Extracciones en ATM,195557,255489.2,OMP 01
01/12/2021,Extracciones en ATM,195557,159559,OMP 01
01/01/2022,Extracciones en ATM,195557,173877,OMP 01
01/02/2022,Extracciones en ATM,195557,178575,OMP 01
01/03/2022,Extracciones en ATM,195557,211641,OMP 01
01/04/2022,Extracciones en ATM,195557,204667,OMP 01
01/05/2022,Extracciones en ATM,195557,223069,OMP 01
01/06/2022,Extracciones en ATM,195557,221455,OMP 01
01/07/2022,Extracciones en ATM,195557,228886,OMP 01
01/08/2022,Extracciones en ATM,195557,221516,OMP 01
01/09/2022,Extracciones en ATM,195557,207173,OMP 01
01/10/2022,Extracciones en ATM,195557,222915,OMP 01
01/11/2022,Extracciones en ATM,195557,223966,OMP 01
01/12/2022,Extracciones en ATM,195557,167785,OMP 01
01/01/2023,Extracciones en ATM,195557,190995,OMP 01
01/02/2023,Extracciones en ATM,195557,186537,OMP 01
01/03/2023,Extracciones en ATM,195557,209393,OMP 01
01/04/2023,Extracciones en ATM,195557,178786,OMP 01
01/05/2023,Extracciones en ATM,195557,205405,OMP 01
01/06/2023,Extracciones en ATM,195557,200488,OMP 01
01/07/2023,Extracciones en ATM,195557,197443,OMP 01
01/08/2023,Extracciones en ATM,195557,202270,OMP 01
01/09/2023,Extracciones en ATM,195557,188288,OMP 01
01/10/2023,Extracciones en ATM,195557,204502,OMP 01
01/11/2023,Extracciones en ATM,195557,197141,OMP 01
01/12/2023,Extracciones en ATM,195557,151762,OMP 01
01/01/2024,Extracciones en ATM,195557,170007,OMP 01
01/02/2024,Extracciones en ATM,195557,177913,OMP 01
01/03/2024,Extracciones en ATM,195557,168361,OMP 01
01/04/2024,Extracciones en ATM,195557,189645,OMP 01
01/05/2024,Extracciones en ATM,195557,182670,OMP 01
01/06/2024,Extracciones en ATM,195557,174264,OMP 01
01/07/2024,Extracciones en ATM,195557,182288,OMP 01
01/08/2024,Extracciones en ATM,195557,183102,OMP 01
01/09/2024,Extracciones en ATM,195557,185659,OMP 01
01/10/2024,Extracciones en ATM,195557,194067,OMP 01
01/11/2024,Extracciones en ATM,195557,177689,OMP 01
01/12/2024,Extracciones en ATM,195557,150989,OMP 01
01/01/2025,Extracciones en ATM,195557,158553,OMP 01
01/02/2025,Extracciones en ATM,195557,165949,OMP 01
01/03/2025,Extracciones en ATM,195557,183308,OMP 01
01/04/2025,Extracciones en ATM,195557,175287,OMP 01
01/05/2025,Extracciones en ATM,195557,202170,OMP 01
01/06/2025,Extracciones en ATM,195557,203288,OMP 01
01/07/2025,Extracciones en ATM,195557,217827,OMP 01
01/08/2025,Extracciones en ATM,195557,208622,OMP 01
01/09/2025,Extracciones en ATM,195557,212404,OMP 01
01/10/2025,Extracciones en ATM,195557,220990,OMP 01
01/11/2025,Extracciones en ATM,195557,207492,OMP 01
01/12/2025,Extracciones en ATM,195557,179343,OMP 01
01/01/2026,Extracciones en ATM,195557,176982,OMP 01
01/02/2026,Extracciones en ATM,195557,169478,OMP 01
01/03/2026,Extracciones en ATM,195557,178539,OMP 01
01/02/2018,Compras en POS con Tarjeta de Débito,2368276,2267735,OMP 02
01/03/2018,Compras en POS con Tarjeta de Débito,2368276,2500555,OMP 02
01/04/2018,Compras en POS con Tarjeta de Débito,2368276,2360271,OMP 02
01/05/2018,Compras en POS con Tarjeta de Débito,2368276,2473788,OMP 02
01/06/2018,Compras en POS con Tarjeta de Débito,2368276,2468817,OMP 02
01/07/2018,Compras en POS con Tarjeta de Débito,2368276,2597686,OMP 02
01/08/2018,Compras en POS con Tarjeta de Débito,2368276,2664118,OMP 02
01/09/2018,Compras en POS con Tarjeta de Débito,2368276,2687664,OMP 02
01/10/2018,Compras en POS con Tarjeta de Débito,2368276,2718721,OMP 02
01/11/2018,Compras en POS con Tarjeta de Débito,2368276,2842716,OMP 02
01/12/2018,Compras en POS con Tarjeta de Débito,2368276,3901810,OMP 02
01/01/2019,Compras en POS con Tarjeta de Débito,2368276,3101672,OMP 02
01/02/2019,Compras en POS con Tarjeta de Débito,2368276,2852489,OMP 02
01/03/2019,Compras en POS con Tarjeta de Débito,2368276,3211769,OMP 02
01/04/2019,Compras en POS con Tarjeta de Débito,2368276,2896276,OMP 02
01/05/2019,Compras en POS con Tarjeta de Débito,2368276,3172791,OMP 02
01/06/2019,Compras en POS con Tarjeta de Débito,2368276,3189481,OMP 02
01/07/2019,Compras en POS con Tarjeta de Débito,2368276,3234203,OMP 02
01/08/2019,Compras en POS con Tarjeta de Débito,2368276,3455177,OMP 02
01/09/2019,Compras en POS con Tarjeta de Débito,2368276,3297013,OMP 02
01/10/2019,Compras en POS con Tarjeta de Débito,2368276,3545050,OMP 02
01/11/2019,Compras en POS con Tarjeta de Débito,2368276,3610951,OMP 02
01/12/2019,Compras en POS con Tarjeta de Débito,2368276,4765779,OMP 02
01/01/2020,Compras en POS con Tarjeta de Débito,2368276,3911479,OMP 02
01/02/2020,Compras en POS con Tarjeta de Débito,2368276,3764918,OMP 02
01/03/2020,Compras en POS con Tarjeta de Débito,2368276,3039200,OMP 02
01/04/2020,Compras en POS con Tarjeta de Débito,2368276,2206013,OMP 02
01/05/2020,Compras en POS con Tarjeta de Débito,2368276,2920392,OMP 02
01/06/2020,Compras en POS con Tarjeta de Débito,2368276,3000546,OMP 02
01/07/2020,Compras en POS con Tarjeta de Débito,2368276,3362507,OMP 02
01/08/2020,Compras en POS con Tarjeta de Débito,2368276,3384055,OMP 02
01/09/2020,Compras en POS con Tarjeta de Débito,2368276,3267291,OMP 02
01/10/2020,Compras en POS con Tarjeta de Débito,2368276,3822387,OMP 02
01/11/2020,Compras en POS con Tarjeta de Débito,2368276,3800807,OMP 02
01/12/2020,Compras en POS con Tarjeta de Débito,2368276,5234695,OMP 02
01/01/2021,Compras en POS con Tarjeta de Débito,2368276,4497815.6,OMP 02
01/02/2021,Compras en POS con Tarjeta de Débito,2368276,4172798.6,OMP 02
01/03/2021,Compras en POS con Tarjeta de Débito,2368276,4363345.2,OMP 02
01/04/2021,Compras en POS con Tarjeta de Débito,2368276,4100592.6,OMP 02
01/05/2021,Compras en POS con Tarjeta de Débito,2368276,4538226.6,OMP 02
01/06/2021,Compras en POS con Tarjeta de Débito,2368276,4450036.2,OMP 02
01/07/2021,Compras en POS con Tarjeta de Débito,2368276,5079490,OMP 02
01/08/2021,Compras en POS con Tarjeta de Débito,2368276,5166663.2,OMP 02
01/09/2021,Compras en POS con Tarjeta de Débito,2368276,5159544.6,OMP 02
01/10/2021,Compras en POS con Tarjeta de Débito,2368276,5645034.6,OMP 02
01/11/2021,Compras en POS con Tarjeta de Débito,2368276,5522847.8,OMP 02
01/12/2021,Compras en POS con Tarjeta de Débito,2368276,7639358,OMP 02
01/01/2022,Compras en POS con Tarjeta de Débito,2368276,6226456,OMP 02
01/02/2022,Compras en POS con Tarjeta de Débito,2368276,6036090,OMP 02
01/03/2022,Compras en POS con Tarjeta de Débito,2368276,5965057,OMP 02
01/04/2022,Compras en POS con Tarjeta de Débito,2368276,5990110,OMP 02
01/05/2022,Compras en POS con Tarjeta de Débito,2368276,6253018,OMP 02
01/06/2022,Compras en POS con Tarjeta de Débito,2368276,6108369,OMP 02
01/07/2022,Compras en POS con Tarjeta de Débito,2368276,6977407,OMP 02
01/08/2022,Compras en POS con Tarjeta de Débito,2368276,6807513,OMP 02
01/09/2022,Compras en POS con Tarjeta de Débito,2368276,6887178,OMP 02
01/10/2022,Compras en POS con Tarjeta de Débito,2368276,7450906,OMP 02
01/11/2022,Compras en POS con Tarjeta de Débito,2368276,7283382,OMP 02
01/12/2022,Compras en POS con Tarjeta de Débito,2368276,9925610,OMP 02
01/01/2023,Compras en POS con Tarjeta de Débito,2368276,7971860,OMP 02
01/02/2023,Compras en POS con Tarjeta de Débito,2368276,7451362,OMP 02
01/03/2023,Compras en POS con Tarjeta de Débito,2368276,8246762,OMP 02
01/04/2023,Compras en POS con Tarjeta de Débito,2368276,8006680,OMP 02
01/05/2023,Compras en POS con Tarjeta de Débito,2368276,8018373,OMP 02
01/06/2023,Compras en POS con Tarjeta de Débito,2368276,8026222,OMP 02
01/07/2023,Compras en POS con Tarjeta de Débito,2368276,8632622,OMP 02
01/08/2023,Compras en POS con Tarjeta de Débito,2368276,8654888,OMP 02
01/09/2023,Compras en POS con Tarjeta de Débito,2368276,8935118,OMP 02
01/10/2023,Compras en POS con Tarjeta de Débito,2368276,8900347,OMP 02
01/11/2023,Compras en POS con Tarjeta de Débito,2368276,9054174,OMP 02
01/12/2023,Compras en POS con Tarjeta de Débito,2368276,11839515,OMP 02
01/01/2024,Compras en POS con Tarjeta de Débito,2368276,9670907,OMP 02
01/02/2024,Compras en POS con Tarjeta de Débito,2368276,9202342,OMP 02
01/03/2024,Compras en POS con Tarjeta de Débito,2368276,10105727,OMP 02
01/04/2024,Compras en POS con Tarjeta de Débito,2368276,9164512,OMP 02
01/05/2024,Compras en POS con Tarjeta de Débito,2368276,9418817,OMP 02
01/06/2024,Compras en POS con Tarjeta de Débito,2368276,9488467,OMP 02
01/07/2024,Compras en POS con Tarjeta de Débito,2368276,9033096,OMP 02
01/08/2024,Compras en POS con Tarjeta de Débito,2368276,9605677,OMP 02
01/09/2024,Compras en POS con Tarjeta de Débito,2368276,9493950,OMP 02
01/10/2024,Compras en POS con Tarjeta de Débito,2368276,9731604,OMP 02
01/11/2024,Compras en POS con Tarjeta de Débito,2368276,10233491,OMP 02
01/12/2024,Compras en POS con Tarjeta de Débito,2368276,12556427,OMP 02
01/01/2025,Compras en POS con Tarjeta de Débito,2368276,10514408,OMP 02
01/02/2025,Compras en POS con Tarjeta de Débito,2368276,9755745,OMP 02
01/03/2025,Compras en POS con Tarjeta de Débito,2368276,10939742,OMP 02
01/04/2025,Compras en POS con Tarjeta de Débito,2368276,10130384,OMP 02
01/05/2025,Compras en POS con Tarjeta de Débito,2368276,10852972,OMP 02
01/06/2025,Compras en POS con Tarjeta de Débito,2368276,10386361,OMP 02
01/07/2025,Compras en POS con Tarjeta de Débito,2368276,11260256,OMP 02
01/08/2025,Compras en POS con Tarjeta de Débito,2368276,11786417,OMP 02
01/09/2025,Compras en POS con Tarjeta de Débito,2368276,11516944,OMP 02
01/10/2025,Compras en POS con Tarjeta de Débito,2368276,12236803,OMP 02
01/11/2025,Compras en POS con Tarjeta de Débito,2368276,12536841,OMP 02
01/12/2025,Compras en POS con Tarjeta de Débito,2368276,14656688,OMP 02
01/01/2026,Compras en POS con Tarjeta de Débito,2368276,12716644,OMP 02
01/02/2026,Compras en POS con Tarjeta de Débito,2368276,11694809,OMP 02
01/03/2026,Compras en POS con Tarjeta de Débito,2368276,12754207,OMP 02
01/02/2018,Compras en Internet con Tarjeta de Débito,1062,1260,OMP 02
01/03/2018,Compras en Internet con Tarjeta de Débito,1062,1800,OMP 02
01/04/2018,Compras en Internet con Tarjeta de Débito,1062,2024,OMP 02
01/05/2018,Compras en Internet con Tarjeta de Débito,1062,1860,OMP 02
01/06/2018,Compras en Internet con Tarjeta de Débito,1062,1778,OMP 02
01/07/2018,Compras en Internet con Tarjeta de Débito,1062,1848,OMP 02
01/08/2018,Compras en Internet con Tarjeta de Débito,1062,1952,OMP 02
01/09/2018,Compras en Internet con Tarjeta de Débito,1062,1660,OMP 02
01/10/2018,Compras en Internet con Tarjeta de Débito,1062,1710,OMP 02
01/11/2018,Compras en Internet con Tarjeta de Débito,1062,2000,OMP 02
01/12/2018,Compras en Internet con Tarjeta de Débito,1062,2197,OMP 02
01/01/2019,Compras en Internet con Tarjeta de Débito,1062,2359,OMP 02
01/02/2019,Compras en Internet con Tarjeta de Débito,1062,2511,OMP 02
01/03/2019,Compras en Internet con Tarjeta de Débito,1062,2947,OMP 02
01/04/2019,Compras en Internet con Tarjeta de Débito,1062,2635,OMP 02
01/05/2019,Compras en Internet con Tarjeta de Débito,1062,2629,OMP 02
01/06/2019,Compras en Internet con Tarjeta de Débito,1062,2705,OMP 02
01/07/2019,Compras en Internet con Tarjeta de Débito,1062,3229,OMP 02
01/08/2019,Compras en Internet con Tarjeta de Débito,1062,3679,OMP 02
01/09/2019,Compras en Internet con Tarjeta de Débito,1062,3285,OMP 02
01/10/2019,Compras en Internet con Tarjeta de Débito,1062,3704,OMP 02
01/11/2019,Compras en Internet con Tarjeta de Débito,1062,3639,OMP 02
01/12/2019,Compras en Internet con Tarjeta de Débito,1062,4859,OMP 02
01/01/2020,Compras en Internet con Tarjeta de Débito,1062,4179,OMP 02
01/02/2020,Compras en Internet con Tarjeta de Débito,1062,4809,OMP 02
01/03/2020,Compras en Internet con Tarjeta de Débito,1062,4265,OMP 02
01/04/2020,Compras en Internet con Tarjeta de Débito,1062,6140,OMP 02
01/05/2020,Compras en Internet con Tarjeta de Débito,1062,6676,OMP 02
01/06/2020,Compras en Internet con Tarjeta de Débito,1062,6328,OMP 02
01/07/2020,Compras en Internet con Tarjeta de Débito,1062,6848,OMP 02
01/08/2020,Compras en Internet con Tarjeta de Débito,1062,7307,OMP 02
01/09/2020,Compras en Internet con Tarjeta de Débito,1062,8365,OMP 02
01/10/2020,Compras en Internet con Tarjeta de Débito,1062,12036,OMP 02
01/11/2020,Compras en Internet con Tarjeta de Débito,1062,15120,OMP 02
01/12/2020,Compras en Internet con Tarjeta de Débito,1062,18702,OMP 02
01/01/2021,Compras en Internet con Tarjeta de Débito,1062,18934,OMP 02
01/02/2021,Compras en Internet con Tarjeta de Débito,1062,18408,OMP 02
01/03/2021,Compras en Internet con Tarjeta de Débito,1062,24653,OMP 02
01/04/2021,Compras en Internet con Tarjeta de Débito,1062,26238,OMP 02
01/05/2021,Compras en Internet con Tarjeta de Débito,1062,29724,OMP 02
01/06/2021,Compras en Internet con Tarjeta de Débito,1062,32244,OMP 02
01/07/2021,Compras en Internet con Tarjeta de Débito,1062,37604,OMP 02
01/08/2021,Compras en Internet con Tarjeta de Débito,1062,53565,OMP 02
01/09/2021,Compras en Internet con Tarjeta de Débito,1062,54320,OMP 02
01/10/2021,Compras en Internet con Tarjeta de Débito,1062,63415,OMP 02
01/11/2021,Compras en Internet con Tarjeta de Débito,1062,66540,OMP 02
01/12/2021,Compras en Internet con Tarjeta de Débito,1062,84007,OMP 02
01/01/2022,Compras en Internet con Tarjeta de Débito,1062,76969,OMP 02
01/02/2022,Compras en Internet con Tarjeta de Débito,1062,79879,OMP 02
01/03/2022,Compras en Internet con Tarjeta de Débito,1062,91172,OMP 02
01/04/2022,Compras en Internet con Tarjeta de Débito,1062,95184,OMP 02
01/05/2022,Compras en Internet con Tarjeta de Débito,1062,98528,OMP 02
01/06/2022,Compras en Internet con Tarjeta de Débito,1062,104116,OMP 02
01/07/2022,Compras en Internet con Tarjeta de Débito,1062,130222,OMP 02
01/08/2022,Compras en Internet con Tarjeta de Débito,1062,137566,OMP 02
01/09/2022,Compras en Internet con Tarjeta de Débito,1062,152964,OMP 02
01/10/2022,Compras en Internet con Tarjeta de Débito,1062,162997,OMP 02
01/11/2022,Compras en Internet con Tarjeta de Débito,1062,147919,OMP 02
01/12/2022,Compras en Internet con Tarjeta de Débito,1062,176321,OMP 02
01/01/2023,Compras en Internet con Tarjeta de Débito,1062,160729,OMP 02
01/02/2023,Compras en Internet con Tarjeta de Débito,1062,148739,OMP 02
01/03/2023,Compras en Internet con Tarjeta de Débito,1062,169296,OMP 02
01/04/2023,Compras en Internet con Tarjeta de Débito,1062,185178,OMP 02
01/05/2023,Compras en Internet con Tarjeta de Débito,1062,186449,OMP 02
01/06/2023,Compras en Internet con Tarjeta de Débito,1062,199505,OMP 02
01/07/2023,Compras en Internet con Tarjeta de Débito,1062,209254,OMP 02
01/08/2023,Compras en Internet con Tarjeta de Débito,1062,210087,OMP 02
01/09/2023,Compras en Internet con Tarjeta de Débito,1062,276202,OMP 02
01/10/2023,Compras en Internet con Tarjeta de Débito,1062,332054,OMP 02
01/11/2023,Compras en Internet con Tarjeta de Débito,1062,384890,OMP 02
01/12/2023,Compras en Internet con Tarjeta de Débito,1062,480550,OMP 02
01/01/2024,Compras en Internet con Tarjeta de Débito,1062,431334,OMP 02
01/02/2024,Compras en Internet con Tarjeta de Débito,1062,480874,OMP 02
01/03/2024,Compras en Internet con Tarjeta de Débito,1062,502576,OMP 02
01/04/2024,Compras en Internet con Tarjeta de Débito,1062,525816,OMP 02
01/05/2024,Compras en Internet con Tarjeta de Débito,1062,555648,OMP 02
01/06/2024,Compras en Internet con Tarjeta de Débito,1062,581954,OMP 02
01/07/2024,Compras en Internet con Tarjeta de Débito,1062,573735,OMP 02
01/08/2024,Compras en Internet con Tarjeta de Débito,1062,627038,OMP 02
01/09/2024,Compras en Internet con Tarjeta de Débito,1062,636763,OMP 02
01/10/2024,Compras en Internet con Tarjeta de Débito,1062,679531,OMP 02
01/11/2024,Compras en Internet con Tarjeta de Débito,1062,717471,OMP 02
01/12/2024,Compras en Internet con Tarjeta de Débito,1062,796522,OMP 02
01/01/2025,Compras en Internet con Tarjeta de Débito,1062,770457,OMP 02
01/02/2025,Compras en Internet con Tarjeta de Débito,1062,844920,OMP 02
01/03/2025,Compras en Internet con Tarjeta de Débito,1062,889807,OMP 02
01/04/2025,Compras en Internet con Tarjeta de Débito,1062,782661,OMP 02
01/05/2025,Compras en Internet con Tarjeta de Débito,1062,877847,OMP 02
01/06/2025,Compras en Internet con Tarjeta de Débito,1062,838129,OMP 02
01/07/2025,Compras en Internet con Tarjeta de Débito,1062,921252,OMP 02
01/08/2025,Compras en Internet con Tarjeta de Débito,1062,1001940,OMP 02
01/09/2025,Compras en Internet con Tarjeta de Débito,1062,920552,OMP 02
01/10/2025,Compras en Internet con Tarjeta de Débito,1062,976866,OMP 02
01/11/2025,Compras en Internet con Tarjeta de Débito,1062,907964,OMP 02
01/12/2025,Compras en Internet con Tarjeta de Débito,1062,951167,OMP 02
01/01/2026,Compras en Internet con Tarjeta de Débito,1062,883712,OMP 02
01/02/2026,Compras en Internet con Tarjeta de Débito,1062,867582,OMP 02
01/03/2026,Compras en Internet con Tarjeta de Débito,1062,955570,OMP 02
01/02/2018,Extracciones en ATM,3113143,3299048,OMP 02
01/03/2018,Extracciones en ATM,3113143,3757247,OMP 02
01/04/2018,Extracciones en ATM,3113143,3324589,OMP 02
01/05/2018,Extracciones en ATM,3113143,3383847,OMP 02
01/06/2018,Extracciones en ATM,3113143,3384718,OMP 02
01/07/2018,Extracciones en ATM,3113143,3378260,OMP 02
01/08/2018,Extracciones en ATM,3113143,3415191,OMP 02
01/09/2018,Extracciones en ATM,3113143,3421540,OMP 02
01/10/2018,Extracciones en ATM,3113143,3426232,OMP 02
01/11/2018,Extracciones en ATM,3113143,3584429,OMP 02
01/12/2018,Extracciones en ATM,3113143,4966641,OMP 02
01/01/2019,Extracciones en ATM,3113143,3395320,OMP 02
01/02/2019,Extracciones en ATM,3113143,3433246,OMP 02
01/03/2019,Extracciones en ATM,3113143,4041848,OMP 02
01/04/2019,Extracciones en ATM,3113143,3305578,OMP 02
01/05/2019,Extracciones en ATM,3113143,3716276,OMP 02
01/06/2019,Extracciones en ATM,3113143,3463138,OMP 02
01/07/2019,Extracciones en ATM,3113143,3599676,OMP 02
01/08/2019,Extracciones en ATM,3113143,3725907,OMP 02
01/09/2019,Extracciones en ATM,3113143,3589758,OMP 02
01/10/2019,Extracciones en ATM,3113143,3751039,OMP 02
01/11/2019,Extracciones en ATM,3113143,3898891,OMP 02
01/12/2019,Extracciones en ATM,3113143,5224039,OMP 02
01/01/2020,Extracciones en ATM,3113143,3601333,OMP 02
01/02/2020,Extracciones en ATM,3113143,3734645,OMP 02
01/03/2020,Extracciones en ATM,3113143,3271671,OMP 02
01/04/2020,Extracciones en ATM,3113143,2769771,OMP 02
01/05/2020,Extracciones en ATM,3113143,3437078,OMP 02
01/06/2020,Extracciones en ATM,3113143,3188684,OMP 02
01/07/2020,Extracciones en ATM,3113143,3572134,OMP 02
01/08/2020,Extracciones en ATM,3113143,3439279,OMP 02
01/09/2020,Extracciones en ATM,3113143,3264448,OMP 02
01/10/2020,Extracciones en ATM,3113143,3798154,OMP 02
01/11/2020,Extracciones en ATM,3113143,3438205,OMP 02
01/12/2020,Extracciones en ATM,3113143,5094217,OMP 02
01/01/2021,Extracciones en ATM,3113143,3586364,OMP 02
01/02/2021,Extracciones en ATM,3113143,3555682,OMP 02
01/03/2021,Extracciones en ATM,3113143,3677381,OMP 02
01/04/2021,Extracciones en ATM,3113143,3366871,OMP 02
01/05/2021,Extracciones en ATM,3113143,3582746,OMP 02
01/06/2021,Extracciones en ATM,3113143,3443377,OMP 02
01/07/2021,Extracciones en ATM,3113143,4001973,OMP 02
01/08/2021,Extracciones en ATM,3113143,3836884.7,OMP 02
01/09/2021,Extracciones en ATM,3113143,4020124,OMP 02
01/10/2021,Extracciones en ATM,3113143,4400478.6,OMP 02
01/11/2021,Extracciones en ATM,3113143,4213498.8,OMP 02
01/12/2021,Extracciones en ATM,3113143,6300130,OMP 02
01/01/2022,Extracciones en ATM,3113143,4117146,OMP 02
01/02/2022,Extracciones en ATM,3113143,4370656,OMP 02
01/03/2022,Extracciones en ATM,3113143,4339415,OMP 02
01/04/2022,Extracciones en ATM,3113143,4481227,OMP 02
01/05/2022,Extracciones en ATM,3113143,4178192,OMP 02
01/06/2022,Extracciones en ATM,3113143,4160184,OMP 02
01/07/2022,Extracciones en ATM,3113143,4707600,OMP 02
01/08/2022,Extracciones en ATM,3113143,4392655,OMP 02
01/09/2022,Extracciones en ATM,3113143,4185297,OMP 02
01/10/2022,Extracciones en ATM,3113143,4625666,OMP 02
01/11/2022,Extracciones en ATM,3113143,3975671,OMP 02
01/12/2022,Extracciones en ATM,3113143,5465555,OMP 02
01/01/2023,Extracciones en ATM,3113143,3832637,OMP 02
01/02/2023,Extracciones en ATM,3113143,3774871,OMP 02
01/03/2023,Extracciones en ATM,3113143,4197354,OMP 02
01/04/2023,Extracciones en ATM,3113143,3935250,OMP 02
01/05/2023,Extracciones en ATM,3113143,3848581,OMP 02
01/06/2023,Extracciones en ATM,3113143,4004130,OMP 02
01/07/2023,Extracciones en ATM,3113143,4091121,OMP 02
01/08/2023,Extracciones en ATM,3113143,4010565,OMP 02
01/09/2023,Extracciones en ATM,3113143,4107081,OMP 02
01/10/2023,Extracciones en ATM,3113143,4008129,OMP 02
01/11/2023,Extracciones en ATM,3113143,4154115,OMP 02
01/12/2023,Extracciones en ATM,3113143,5506506,OMP 02
01/01/2024,Extracciones en ATM,3113143,3901443,OMP 02
01/02/2024,Extracciones en ATM,3113143,3915229,OMP 02
01/03/2024,Extracciones en ATM,3113143,4155715,OMP 02
01/04/2024,Extracciones en ATM,3113143,3801822,OMP 02
01/05/2024,Extracciones en ATM,3113143,3866684,OMP 02
01/06/2024,Extracciones en ATM,3113143,3851665,OMP 02
01/07/2024,Extracciones en ATM,3113143,3641165,OMP 02
01/08/2024,Extracciones en ATM,3113143,3823578,OMP 02
01/09/2024,Extracciones en ATM,3113143,3884783,OMP 02
01/10/2024,Extracciones en ATM,3113143,3638804,OMP 02
01/11/2024,Extracciones en ATM,3113143,3829535,OMP 02
01/12/2024,Extracciones en ATM,3113143,4829840,OMP 02
01/01/2025,Extracciones en ATM,3113143,3518094,OMP 02
01/02/2025,Extracciones en ATM,3113143,3301400,OMP 02
01/03/2025,Extracciones en ATM,3113143,3691300,OMP 02
01/04/2025,Extracciones en ATM,3113143,3378462,OMP 02
01/05/2025,Extracciones en ATM,3113143,3664709,OMP 02
01/06/2025,Extracciones en ATM,3113143,3975896,OMP 02
01/07/2025,Extracciones en ATM,3113143,4270998,OMP 02
01/08/2025,Extracciones en ATM,3113143,4184728,OMP 02
01/09/2025,Extracciones en ATM,3113143,4014510,OMP 02
01/10/2025,Extracciones en ATM,3113143,4165917,OMP 02
01/11/2025,Extracciones en ATM,3113143,4101482,OMP 02
01/12/2025,Extracciones en ATM,3113143,5241463,OMP 02
01/01/2026,Extracciones en ATM,3113143,3891710,OMP 02
01/02/2026,Extracciones en ATM,3113143,3695568,OMP 02
01/03/2026,Extracciones en ATM,3113143,3969054,OMP 02
01/02/2018,Compras en POS con Tarjetas Prepagas,43407,40634,OMP 03
01/03/2018,Compras en POS con Tarjetas Prepagas,43407,44098,OMP 03
01/04/2018,Compras en POS con Tarjetas Prepagas,43407,45948,OMP 03
01/05/2018,Compras en POS con Tarjetas Prepagas,43407,44112,OMP 03
01/06/2018,Compras en POS con Tarjetas Prepagas,43407,42039,OMP 03
01/07/2018,Compras en POS con Tarjetas Prepagas,43407,49423,OMP 03
01/08/2018,Compras en POS con Tarjetas Prepagas,43407,48348,OMP 03
01/09/2018,Compras en POS con Tarjetas Prepagas,43407,44778,OMP 03
01/10/2018,Compras en POS con Tarjetas Prepagas,43407,50987,OMP 03
01/11/2018,Compras en POS con Tarjetas Prepagas,43407,48855,OMP 03
01/12/2018,Compras en POS con Tarjetas Prepagas,43407,47701,OMP 03
01/01/2019,Compras en POS con Tarjetas Prepagas,43407,51363,OMP 03
01/02/2019,Compras en POS con Tarjetas Prepagas,43407,46444,OMP 03
01/03/2019,Compras en POS con Tarjetas Prepagas,43407,51254,OMP 03
01/04/2019,Compras en POS con Tarjetas Prepagas,43407,50384,OMP 03
01/05/2019,Compras en POS con Tarjetas Prepagas,43407,52887,OMP 03
01/06/2019,Compras en POS con Tarjetas Prepagas,43407,48751,OMP 03
01/07/2019,Compras en POS con Tarjetas Prepagas,43407,56028,OMP 03
01/08/2019,Compras en POS con Tarjetas Prepagas,43407,55385,OMP 03
01/09/2019,Compras en POS con Tarjetas Prepagas,43407,56070,OMP 03
01/10/2019,Compras en POS con Tarjetas Prepagas,43407,60268,OMP 03
01/11/2019,Compras en POS con Tarjetas Prepagas,43407,58247,OMP 03
01/12/2019,Compras en POS con Tarjetas Prepagas,43407,59272,OMP 03
01/01/2020,Compras en POS con Tarjetas Prepagas,43407,57300,OMP 03
01/02/2020,Compras en POS con Tarjetas Prepagas,43407,55541,OMP 03
01/03/2020,Compras en POS con Tarjetas Prepagas,43407,43457,OMP 03
01/04/2020,Compras en POS con Tarjetas Prepagas,43407,24726,OMP 03
01/05/2020,Compras en POS con Tarjetas Prepagas,43407,95128,OMP 03
01/06/2020,Compras en POS con Tarjetas Prepagas,43407,118105,OMP 03
01/07/2020,Compras en POS con Tarjetas Prepagas,43407,124378,OMP 03
01/08/2020,Compras en POS con Tarjetas Prepagas,43407,125188,OMP 03
01/09/2020,Compras en POS con Tarjetas Prepagas,43407,122020,OMP 03
01/10/2020,Compras en POS con Tarjetas Prepagas,43407,130646,OMP 03
01/11/2020,Compras en POS con Tarjetas Prepagas,43407,144354,OMP 03
01/12/2020,Compras en POS con Tarjetas Prepagas,43407,151426,OMP 03
01/01/2021,Compras en POS con Tarjetas Prepagas,43407,133067,OMP 03
01/02/2021,Compras en POS con Tarjetas Prepagas,43407,135258,OMP 03
01/03/2021,Compras en POS con Tarjetas Prepagas,43407,148641,OMP 03
01/04/2021,Compras en POS con Tarjetas Prepagas,43407,128067,OMP 03
01/05/2021,Compras en POS con Tarjetas Prepagas,43407,148576,OMP 03
01/06/2021,Compras en POS con Tarjetas Prepagas,43407,148833,OMP 03
01/07/2021,Compras en POS con Tarjetas Prepagas,43407,157692,OMP 03
01/08/2021,Compras en POS con Tarjetas Prepagas,43407,171928,OMP 03
01/09/2021,Compras en POS con Tarjetas Prepagas,43407,166530,OMP 03
01/10/2021,Compras en POS con Tarjetas Prepagas,43407,169143,OMP 03
01/11/2021,Compras en POS con Tarjetas Prepagas,43407,191275,OMP 03
01/12/2021,Compras en POS con Tarjetas Prepagas,43407,207625,OMP 03
01/01/2022,Compras en POS con Tarjetas Prepagas,43407,189939,OMP 03
01/02/2022,Compras en POS con Tarjetas Prepagas,43407,163829,OMP 03
01/03/2022,Compras en POS con Tarjetas Prepagas,43407,221954,OMP 03
01/04/2022,Compras en POS con Tarjetas Prepagas,43407,189869,OMP 03
01/05/2022,Compras en POS con Tarjetas Prepagas,43407,218596,OMP 03
01/06/2022,Compras en POS con Tarjetas Prepagas,43407,206584,OMP 03
01/07/2022,Compras en POS con Tarjetas Prepagas,43407,212128,OMP 03
01/08/2022,Compras en POS con Tarjetas Prepagas,43407,234739,OMP 03
01/09/2022,Compras en POS con Tarjetas Prepagas,43407,216594,OMP 03
01/10/2022,Compras en POS con Tarjetas Prepagas,43407,221553,OMP 03
01/11/2022,Compras en POS con Tarjetas Prepagas,43407,207171,OMP 03
01/12/2022,Compras en POS con Tarjetas Prepagas,43407,215877,OMP 03
01/01/2023,Compras en POS con Tarjetas Prepagas,43407,206558,OMP 03
01/02/2023,Compras en POS con Tarjetas Prepagas,43407,182052,OMP 03
01/03/2023,Compras en POS con Tarjetas Prepagas,43407,201516,OMP 03
01/04/2023,Compras en POS con Tarjetas Prepagas,43407,170711,OMP 03
01/05/2023,Compras en POS con Tarjetas Prepagas,43407,201141,OMP 03
01/06/2023,Compras en POS con Tarjetas Prepagas,43407,184265,OMP 03
01/07/2023,Compras en POS con Tarjetas Prepagas,43407,189173,OMP 03
01/08/2023,Compras en POS con Tarjetas Prepagas,43407,184729,OMP 03
01/09/2023,Compras en POS con Tarjetas Prepagas,43407,173347,OMP 03
01/10/2023,Compras en POS con Tarjetas Prepagas,43407,198979,OMP 03
01/11/2023,Compras en POS con Tarjetas Prepagas,43407,174384,OMP 03
01/12/2023,Compras en POS con Tarjetas Prepagas,43407,173221,OMP 03
01/01/2024,Compras en POS con Tarjetas Prepagas,43407,176171,OMP 03
01/02/2024,Compras en POS con Tarjetas Prepagas,43407,154098,OMP 03
01/03/2024,Compras en POS con Tarjetas Prepagas,43407,125070,OMP 03
01/04/2024,Compras en POS con Tarjetas Prepagas,43407,145788,OMP 03
01/05/2024,Compras en POS con Tarjetas Prepagas,43407,130144,OMP 03
01/06/2024,Compras en POS con Tarjetas Prepagas,43407,132167,OMP 03
01/07/2024,Compras en POS con Tarjetas Prepagas,43407,136332,OMP 03
01/08/2024,Compras en POS con Tarjetas Prepagas,43407,134095,OMP 03
01/09/2024,Compras en POS con Tarjetas Prepagas,43407,129164,OMP 03
01/10/2024,Compras en POS con Tarjetas Prepagas,43407,140927,OMP 03
01/11/2024,Compras en POS con Tarjetas Prepagas,43407,120029,OMP 03
01/12/2024,Compras en POS con Tarjetas Prepagas,43407,127749,OMP 03
01/01/2025,Compras en POS con Tarjetas Prepagas,43407,114299,OMP 03
01/02/2025,Compras en POS con Tarjetas Prepagas,43407,110721,OMP 03
01/03/2025,Compras en POS con Tarjetas Prepagas,43407,128050,OMP 03
01/04/2025,Compras en POS con Tarjetas Prepagas,43407,110847,OMP 03
01/05/2025,Compras en POS con Tarjetas Prepagas,43407,117133,OMP 03
01/06/2025,Compras en POS con Tarjetas Prepagas,43407,118255,OMP 03
01/07/2025,Compras en POS con Tarjetas Prepagas,43407,118134,OMP 03
01/08/2025,Compras en POS con Tarjetas Prepagas,43407,120598,OMP 03
01/09/2025,Compras en POS con Tarjetas Prepagas,43407,127144,OMP 03
01/10/2025,Compras en POS con Tarjetas Prepagas,43407,130557,OMP 03
01/11/2025,Compras en POS con Tarjetas Prepagas,43407,110122,OMP 03
01/12/2025,Compras en POS con Tarjetas Prepagas,43407,117807,OMP 03
01/01/2026,Compras en POS con Tarjetas Prepagas,43407,107509,OMP 03
01/02/2026,Compras en POS con Tarjetas Prepagas,43407,108578,OMP 03
01/03/2026,Compras en POS con Tarjetas Prepagas,43407,126061,OMP 03
01/02/2018,Compras en Internet con Tarjetas Prepagas,998,884,OMP 03
01/03/2018,Compras en Internet con Tarjetas Prepagas,998,922,OMP 03
01/04/2018,Compras en Internet con Tarjetas Prepagas,998,1299,OMP 03
01/05/2018,Compras en Internet con Tarjetas Prepagas,998,1143,OMP 03
01/06/2018,Compras en Internet con Tarjetas Prepagas,998,975,OMP 03
01/07/2018,Compras en Internet con Tarjetas Prepagas,998,1306,OMP 03
01/08/2018,Compras en Internet con Tarjetas Prepagas,998,1389,OMP 03
01/09/2018,Compras en Internet con Tarjetas Prepagas,998,1219,OMP 03
01/10/2018,Compras en Internet con Tarjetas Prepagas,998,1572,OMP 03
01/11/2018,Compras en Internet con Tarjetas Prepagas,998,1679,OMP 03
01/12/2018,Compras en Internet con Tarjetas Prepagas,998,1576,OMP 03
01/01/2019,Compras en Internet con Tarjetas Prepagas,998,2037,OMP 03
01/02/2019,Compras en Internet con Tarjetas Prepagas,998,1833,OMP 03
01/03/2019,Compras en Internet con Tarjetas Prepagas,998,1974,OMP 03
01/04/2019,Compras en Internet con Tarjetas Prepagas,998,2239,OMP 03
01/05/2019,Compras en Internet con Tarjetas Prepagas,998,2087,OMP 03
01/06/2019,Compras en Internet con Tarjetas Prepagas,998,1906,OMP 03
01/07/2019,Compras en Internet con Tarjetas Prepagas,998,2494,OMP 03
01/08/2019,Compras en Internet con Tarjetas Prepagas,998,2477,OMP 03
01/09/2019,Compras en Internet con Tarjetas Prepagas,998,2414,OMP 03
01/10/2019,Compras en Internet con Tarjetas Prepagas,998,2901,OMP 03
01/11/2019,Compras en Internet con Tarjetas Prepagas,998,2890,OMP 03
01/12/2019,Compras en Internet con Tarjetas Prepagas,998,3375,OMP 03
01/01/2020,Compras en Internet con Tarjetas Prepagas,998,3321,OMP 03
01/02/2020,Compras en Internet con Tarjetas Prepagas,998,3253,OMP 03
01/03/2020,Compras en Internet con Tarjetas Prepagas,998,3493,OMP 03
01/04/2020,Compras en Internet con Tarjetas Prepagas,998,4183,OMP 03
01/05/2020,Compras en Internet con Tarjetas Prepagas,998,5473,OMP 03
01/06/2020,Compras en Internet con Tarjetas Prepagas,998,6878,OMP 03
01/07/2020,Compras en Internet con Tarjetas Prepagas,998,7634,OMP 03
01/08/2020,Compras en Internet con Tarjetas Prepagas,998,7947,OMP 03
01/09/2020,Compras en Internet con Tarjetas Prepagas,998,7886,OMP 03
01/10/2020,Compras en Internet con Tarjetas Prepagas,998,8764,OMP 03
01/11/2020,Compras en Internet con Tarjetas Prepagas,998,10899,OMP 03
01/12/2020,Compras en Internet con Tarjetas Prepagas,998,11822,OMP 03
01/01/2021,Compras en Internet con Tarjetas Prepagas,998,11181,OMP 03
01/02/2021,Compras en Internet con Tarjetas Prepagas,998,11350,OMP 03
01/03/2021,Compras en Internet con Tarjetas Prepagas,998,13989,OMP 03
01/04/2021,Compras en Internet con Tarjetas Prepagas,998,107441,OMP 03
01/05/2021,Compras en Internet con Tarjetas Prepagas,998,204175,OMP 03
01/06/2021,Compras en Internet con Tarjetas Prepagas,998,19020,OMP 03
01/07/2021,Compras en Internet con Tarjetas Prepagas,998,25299,OMP 03
01/08/2021,Compras en Internet con Tarjetas Prepagas,998,27838,OMP 03
01/09/2021,Compras en Internet con Tarjetas Prepagas,998,26622,OMP 03
01/10/2021,Compras en Internet con Tarjetas Prepagas,998,25223,OMP 03
01/11/2021,Compras en Internet con Tarjetas Prepagas,998,29820,OMP 03
01/12/2021,Compras en Internet con Tarjetas Prepagas,998,30131,OMP 03
01/01/2022,Compras en Internet con Tarjetas Prepagas,998,27177,OMP 03
01/02/2022,Compras en Internet con Tarjetas Prepagas,998,22128,OMP 03
01/03/2022,Compras en Internet con Tarjetas Prepagas,998,30683,OMP 03
01/04/2022,Compras en Internet con Tarjetas Prepagas,998,26546,OMP 03
01/05/2022,Compras en Internet con Tarjetas Prepagas,998,28102,OMP 03
01/06/2022,Compras en Internet con Tarjetas Prepagas,998,27800,OMP 03
01/07/2022,Compras en Internet con Tarjetas Prepagas,998,26981,OMP 03
01/08/2022,Compras en Internet con Tarjetas Prepagas,998,32328,OMP 03
01/09/2022,Compras en Internet con Tarjetas Prepagas,998,32684,OMP 03
01/10/2022,Compras en Internet con Tarjetas Prepagas,998,34214,OMP 03
01/11/2022,Compras en Internet con Tarjetas Prepagas,998,28898,OMP 03
01/12/2022,Compras en Internet con Tarjetas Prepagas,998,27687,OMP 03
01/01/2023,Compras en Internet con Tarjetas Prepagas,998,29658,OMP 03
01/02/2023,Compras en Internet con Tarjetas Prepagas,998,25261,OMP 03
01/03/2023,Compras en Internet con Tarjetas Prepagas,998,29127,OMP 03
01/04/2023,Compras en Internet con Tarjetas Prepagas,998,32367,OMP 03
01/05/2023,Compras en Internet con Tarjetas Prepagas,998,30659,OMP 03
01/06/2023,Compras en Internet con Tarjetas Prepagas,998,28578,OMP 03
01/07/2023,Compras en Internet con Tarjetas Prepagas,998,30152,OMP 03
01/08/2023,Compras en Internet con Tarjetas Prepagas,998,28429,OMP 03
01/09/2023,Compras en Internet con Tarjetas Prepagas,998,30146,OMP 03
01/10/2023,Compras en Internet con Tarjetas Prepagas,998,40078,OMP 03
01/11/2023,Compras en Internet con Tarjetas Prepagas,998,38538,OMP 03
01/12/2023,Compras en Internet con Tarjetas Prepagas,998,35754,OMP 03
01/01/2024,Compras en Internet con Tarjetas Prepagas,998,39175,OMP 03
01/02/2024,Compras en Internet con Tarjetas Prepagas,998,40185,OMP 03
01/03/2024,Compras en Internet con Tarjetas Prepagas,998,37071,OMP 03
01/04/2024,Compras en Internet con Tarjetas Prepagas,998,41952,OMP 03
01/05/2024,Compras en Internet con Tarjetas Prepagas,998,37879,OMP 03
01/06/2024,Compras en Internet con Tarjetas Prepagas,998,33242,OMP 03
01/07/2024,Compras en Internet con Tarjetas Prepagas,998,19442,OMP 03
01/08/2024,Compras en Internet con Tarjetas Prepagas,998,18511,OMP 03
01/09/2024,Compras en Internet con Tarjetas Prepagas,998,17853,OMP 03
01/10/2024,Compras en Internet con Tarjetas Prepagas,998,21914,OMP 03
01/11/2024,Compras en Internet con Tarjetas Prepagas,998,19991,OMP 03
01/12/2024,Compras en Internet con Tarjetas Prepagas,998,19964,OMP 03
01/01/2025,Compras en Internet con Tarjetas Prepagas,998,17263,OMP 03
01/02/2025,Compras en Internet con Tarjetas Prepagas,998,16841,OMP 03
01/03/2025,Compras en Internet con Tarjetas Prepagas,998,19712,OMP 03
01/04/2025,Compras en Internet con Tarjetas Prepagas,998,21446,OMP 03
01/05/2025,Compras en Internet con Tarjetas Prepagas,998,21704,OMP 03
01/06/2025,Compras en Internet con Tarjetas Prepagas,998,22014,OMP 03
01/07/2025,Compras en Internet con Tarjetas Prepagas,998,22535,OMP 03
01/08/2025,Compras en Internet con Tarjetas Prepagas,998,21770,OMP 03
01/09/2025,Compras en Internet con Tarjetas Prepagas,998,21301,OMP 03
01/10/2025,Compras en Internet con Tarjetas Prepagas,998,21483,OMP 03
01/11/2025,Compras en Internet con Tarjetas Prepagas,998,19508,OMP 03
01/12/2025,Compras en Internet con Tarjetas Prepagas,998,21029,OMP 03
01/01/2026,Compras en Internet con Tarjetas Prepagas,998,17907,OMP 03
01/02/2026,Compras en Internet con Tarjetas Prepagas,998,17455,OMP 03
01/03/2026,Compras en Internet con Tarjetas Prepagas,998,19566,OMP 03
01/02/2018,Extracciones en ATM con Tarjetas Prepagas,22177,20910,OMP 03
01/03/2018,Extracciones en ATM con Tarjetas Prepagas,22177,23612,OMP 03
01/04/2018,Extracciones en ATM con Tarjetas Prepagas,22177,25669,OMP 03
01/05/2018,Extracciones en ATM con Tarjetas Prepagas,22177,22745,OMP 03
01/06/2018,Extracciones en ATM con Tarjetas Prepagas,22177,20710,OMP 03
01/07/2018,Extracciones en ATM con Tarjetas Prepagas,22177,23700,OMP 03
01/08/2018,Extracciones en ATM con Tarjetas Prepagas,22177,23826,OMP 03
01/09/2018,Extracciones en ATM con Tarjetas Prepagas,22177,21806,OMP 03
01/10/2018,Extracciones en ATM con Tarjetas Prepagas,22177,23609,OMP 03
01/11/2018,Extracciones en ATM con Tarjetas Prepagas,22177,22750,OMP 03
01/12/2018,Extracciones en ATM con Tarjetas Prepagas,22177,22196,OMP 03
01/01/2019,Extracciones en ATM con Tarjetas Prepagas,22177,21659,OMP 03
01/02/2019,Extracciones en ATM con Tarjetas Prepagas,22177,21073,OMP 03
01/03/2019,Extracciones en ATM con Tarjetas Prepagas,22177,22263,OMP 03
01/04/2019,Extracciones en ATM con Tarjetas Prepagas,22177,21224,OMP 03
01/05/2019,Extracciones en ATM con Tarjetas Prepagas,22177,24848,OMP 03
01/06/2019,Extracciones en ATM con Tarjetas Prepagas,22177,21916,OMP 03
01/07/2019,Extracciones en ATM con Tarjetas Prepagas,22177,23851,OMP 03
01/08/2019,Extracciones en ATM con Tarjetas Prepagas,22177,23328,OMP 03
01/09/2019,Extracciones en ATM con Tarjetas Prepagas,22177,22712,OMP 03
01/10/2019,Extracciones en ATM con Tarjetas Prepagas,22177,25059,OMP 03
01/11/2019,Extracciones en ATM con Tarjetas Prepagas,22177,23917,OMP 03
01/12/2019,Extracciones en ATM con Tarjetas Prepagas,22177,23716,OMP 03
01/01/2020,Extracciones en ATM con Tarjetas Prepagas,22177,21894,OMP 03
01/02/2020,Extracciones en ATM con Tarjetas Prepagas,22177,22235,OMP 03
01/03/2020,Extracciones en ATM con Tarjetas Prepagas,22177,18390,OMP 03
01/04/2020,Extracciones en ATM con Tarjetas Prepagas,22177,10337,OMP 03
01/05/2020,Extracciones en ATM con Tarjetas Prepagas,22177,10846,OMP 03
01/06/2020,Extracciones en ATM con Tarjetas Prepagas,22177,18028,OMP 03
01/07/2020,Extracciones en ATM con Tarjetas Prepagas,22177,20015,OMP 03
01/08/2020,Extracciones en ATM con Tarjetas Prepagas,22177,19717,OMP 03
01/09/2020,Extracciones en ATM con Tarjetas Prepagas,22177,19423,OMP 03
01/10/2020,Extracciones en ATM con Tarjetas Prepagas,22177,20135,OMP 03
01/11/2020,Extracciones en ATM con Tarjetas Prepagas,22177,21009,OMP 03
01/12/2020,Extracciones en ATM con Tarjetas Prepagas,22177,21600,OMP 03
01/01/2021,Extracciones en ATM con Tarjetas Prepagas,22177,19574,OMP 03
01/02/2021,Extracciones en ATM con Tarjetas Prepagas,22177,19580,OMP 03
01/03/2021,Extracciones en ATM con Tarjetas Prepagas,22177,20536,OMP 03
01/04/2021,Extracciones en ATM con Tarjetas Prepagas,22177,18273,OMP 03
01/05/2021,Extracciones en ATM con Tarjetas Prepagas,22177,20847,OMP 03
01/06/2021,Extracciones en ATM con Tarjetas Prepagas,22177,20627,OMP 03
01/07/2021,Extracciones en ATM con Tarjetas Prepagas,22177,22420,OMP 03
01/08/2021,Extracciones en ATM con Tarjetas Prepagas,22177,25334,OMP 03
01/09/2021,Extracciones en ATM con Tarjetas Prepagas,22177,24921,OMP 03
01/10/2021,Extracciones en ATM con Tarjetas Prepagas,22177,24686,OMP 03
01/11/2021,Extracciones en ATM con Tarjetas Prepagas,22177,26645,OMP 03
01/12/2021,Extracciones en ATM con Tarjetas Prepagas,22177,42794,OMP 03
01/01/2022,Extracciones en ATM con Tarjetas Prepagas,22177,33512,OMP 03
01/02/2022,Extracciones en ATM con Tarjetas Prepagas,22177,30790,OMP 03
01/03/2022,Extracciones en ATM con Tarjetas Prepagas,22177,40659,OMP 03
01/04/2022,Extracciones en ATM con Tarjetas Prepagas,22177,37919,OMP 03
01/05/2022,Extracciones en ATM con Tarjetas Prepagas,22177,36558,OMP 03
01/06/2022,Extracciones en ATM con Tarjetas Prepagas,22177,15245,OMP 03
01/07/2022,Extracciones en ATM con Tarjetas Prepagas,22177,39304,OMP 03
01/08/2022,Extracciones en ATM con Tarjetas Prepagas,22177,39615,OMP 03
01/09/2022,Extracciones en ATM con Tarjetas Prepagas,22177,40517,OMP 03
01/10/2022,Extracciones en ATM con Tarjetas Prepagas,22177,37132,OMP 03
01/11/2022,Extracciones en ATM con Tarjetas Prepagas,22177,32326,OMP 03
01/12/2022,Extracciones en ATM con Tarjetas Prepagas,22177,32345,OMP 03
01/01/2023,Extracciones en ATM con Tarjetas Prepagas,22177,30283,OMP 03
01/02/2023,Extracciones en ATM con Tarjetas Prepagas,22177,26402,OMP 03
01/03/2023,Extracciones en ATM con Tarjetas Prepagas,22177,29372,OMP 03
01/04/2023,Extracciones en ATM con Tarjetas Prepagas,22177,25048,OMP 03
01/05/2023,Extracciones en ATM con Tarjetas Prepagas,22177,26015,OMP 03
01/06/2023,Extracciones en ATM con Tarjetas Prepagas,22177,23228,OMP 03
01/07/2023,Extracciones en ATM con Tarjetas Prepagas,22177,28908,OMP 03
01/08/2023,Extracciones en ATM con Tarjetas Prepagas,22177,25541,OMP 03
01/09/2023,Extracciones en ATM con Tarjetas Prepagas,22177,21253,OMP 03
01/10/2023,Extracciones en ATM con Tarjetas Prepagas,22177,5761,OMP 03
01/11/2023,Extracciones en ATM con Tarjetas Prepagas,22177,21165,OMP 03
01/12/2023,Extracciones en ATM con Tarjetas Prepagas,22177,19704,OMP 03
01/01/2024,Extracciones en ATM con Tarjetas Prepagas,22177,17909,OMP 03
01/02/2024,Extracciones en ATM con Tarjetas Prepagas,22177,16313,OMP 03
01/03/2024,Extracciones en ATM con Tarjetas Prepagas,22177,3960,OMP 03
01/04/2024,Extracciones en ATM con Tarjetas Prepagas,22177,30765,OMP 03
01/05/2024,Extracciones en ATM con Tarjetas Prepagas,22177,15936,OMP 03
01/06/2024,Extracciones en ATM con Tarjetas Prepagas,22177,15895,OMP 03
01/07/2024,Extracciones en ATM con Tarjetas Prepagas,22177,13570,OMP 03
01/08/2024,Extracciones en ATM con Tarjetas Prepagas,22177,20056,OMP 03
01/09/2024,Extracciones en ATM con Tarjetas Prepagas,22177,21289,OMP 03
01/10/2024,Extracciones en ATM con Tarjetas Prepagas,22177,21320,OMP 03
01/11/2024,Extracciones en ATM con Tarjetas Prepagas,22177,19333,OMP 03
01/12/2024,Extracciones en ATM con Tarjetas Prepagas,22177,23623,OMP 03
01/01/2025,Extracciones en ATM con Tarjetas Prepagas,22177,18274,OMP 03
01/02/2025,Extracciones en ATM con Tarjetas Prepagas,22177,17296,OMP 03
01/03/2025,Extracciones en ATM con Tarjetas Prepagas,22177,21352,OMP 03
01/04/2025,Extracciones en ATM con Tarjetas Prepagas,22177,18482,OMP 03
01/05/2025,Extracciones en ATM con Tarjetas Prepagas,22177,20206,OMP 03
01/06/2025,Extracciones en ATM con Tarjetas Prepagas,22177,20551,OMP 03
01/07/2025,Extracciones en ATM con Tarjetas Prepagas,22177,21396,OMP 03
01/08/2025,Extracciones en ATM con Tarjetas Prepagas,22177,20239,OMP 03
01/09/2025,Extracciones en ATM con Tarjetas Prepagas,22177,19335,OMP 03
01/10/2025,Extracciones en ATM con Tarjetas Prepagas,22177,20925,OMP 03
01/11/2025,Extracciones en ATM con Tarjetas Prepagas,22177,18562,OMP 03
01/12/2025,Extracciones en ATM con Tarjetas Prepagas,22177,19252,OMP 03
01/01/2026,Extracciones en ATM con Tarjetas Prepagas,22177,17835,OMP 03
01/02/2026,Extracciones en ATM con Tarjetas Prepagas,22177,17803,OMP 03
01/03/2026,Extracciones en ATM con Tarjetas Prepagas,22177,20808,OMP 03
01/02/2018,Cantidad de ATM por Operadora,1053,1053,OMP 04
01/03/2018,Cantidad de ATM por Operadora,1053,1055,OMP 04
01/04/2018,Cantidad de ATM por Operadora,1053,1058,OMP 04
01/05/2018,Cantidad de ATM por Operadora,1053,1056,OMP 04
01/06/2018,Cantidad de ATM por Operadora,1053,1062,OMP 04
01/07/2018,Cantidad de ATM por Operadora,1053,1059,OMP 04
01/08/2018,Cantidad de ATM por Operadora,1053,1053,OMP 04
01/09/2018,Cantidad de ATM por Operadora,1053,1060,OMP 04
01/10/2018,Cantidad de ATM por Operadora,1053,1062,OMP 04
01/11/2018,Cantidad de ATM por Operadora,1053,1066,OMP 04
01/12/2018,Cantidad de ATM por Operadora,1053,1068,OMP 04
01/01/2019,Cantidad de ATM por Operadora,1053,1067,OMP 04
01/02/2019,Cantidad de ATM por Operadora,1053,1066,OMP 04
01/03/2019,Cantidad de ATM por Operadora,1053,1067,OMP 04
01/04/2019,Cantidad de ATM por Operadora,1053,1064,OMP 04
01/05/2019,Cantidad de ATM por Operadora,1053,1039,OMP 04
01/06/2019,Cantidad de ATM por Operadora,1053,1039,OMP 04
01/07/2019,Cantidad de ATM por Operadora,1053,1039,OMP 04
01/08/2019,Cantidad de ATM por Operadora,1053,1038,OMP 04
01/09/2019,Cantidad de ATM por Operadora,1053,1043,OMP 04
01/10/2019,Cantidad de ATM por Operadora,1053,1038,OMP 04
01/11/2019,Cantidad de ATM por Operadora,1053,1040,OMP 04
01/12/2019,Cantidad de ATM por Operadora,1053,1035,OMP 04
01/01/2020,Cantidad de ATM por Operadora,1053,1038,OMP 04
01/02/2020,Cantidad de ATM por Operadora,1053,1038,OMP 04
01/03/2020,Cantidad de ATM por Operadora,1053,1038,OMP 04
01/04/2020,Cantidad de ATM por Operadora,1053,1038,OMP 04
01/05/2020,Cantidad de ATM por Operadora,1053,1039,OMP 04
01/06/2020,Cantidad de ATM por Operadora,1053,1033,OMP 04
01/07/2020,Cantidad de ATM por Operadora,1053,1029,OMP 04
01/08/2020,Cantidad de ATM por Operadora,1053,1029,OMP 04
01/09/2020,Cantidad de ATM por Operadora,1053,1030,OMP 04
01/10/2020,Cantidad de ATM por Operadora,1053,1033,OMP 04
01/11/2020,Cantidad de ATM por Operadora,1053,1043,OMP 04
01/12/2020,Cantidad de ATM por Operadora,1053,1046,OMP 04
01/01/2021,Cantidad de ATM por Operadora,1053,1042,OMP 04
01/02/2021,Cantidad de ATM por Operadora,1053,1043,OMP 04
01/03/2021,Cantidad de ATM por Operadora,1053,1045,OMP 04
01/04/2021,Cantidad de ATM por Operadora,1053,1045,OMP 04
01/05/2021,Cantidad de ATM por Operadora,1053,1046,OMP 04
01/06/2021,Cantidad de ATM por Operadora,1053,1045,OMP 04
01/07/2021,Cantidad de ATM por Operadora,1053,1047,OMP 04
01/08/2021,Cantidad de ATM por Operadora,1053,1047,OMP 04
01/09/2021,Cantidad de ATM por Operadora,1053,1049,OMP 04
01/10/2021,Cantidad de ATM por Operadora,1053,1015,OMP 04
01/11/2021,Cantidad de ATM por Operadora,1053,988,OMP 04
01/12/2021,Cantidad de ATM por Operadora,1053,990,OMP 04
01/01/2022,Cantidad de ATM por Operadora,1053,990,OMP 04
01/02/2022,Cantidad de ATM por Operadora,1053,993,OMP 04
01/03/2022,Cantidad de ATM por Operadora,1053,997,OMP 04
01/04/2022,Cantidad de ATM por Operadora,1053,997,OMP 04
01/05/2022,Cantidad de ATM por Operadora,1053,1000,OMP 04
01/06/2022,Cantidad de ATM por Operadora,1053,990,OMP 04
01/07/2022,Cantidad de ATM por Operadora,1053,976,OMP 04
01/08/2022,Cantidad de ATM por Operadora,1053,972,OMP 04
01/09/2022,Cantidad de ATM por Operadora,1053,969,OMP 04
01/10/2022,Cantidad de ATM por Operadora,1053,972,OMP 04
01/11/2022,Cantidad de ATM por Operadora,1053,979,OMP 04
01/12/2022,Cantidad de ATM por Operadora,1053,980,OMP 04
01/01/2023,Cantidad de ATM por Operadora,1053,974,OMP 04
01/02/2023,Cantidad de ATM por Operadora,1053,977,OMP 04
01/03/2023,Cantidad de ATM por Operadora,1053,976,OMP 04
01/04/2023,Cantidad de ATM por Operadora,1053,977,OMP 04
01/05/2023,Cantidad de ATM por Operadora,1053,981,OMP 04
01/06/2023,Cantidad de ATM por Operadora,1053,960,OMP 04
01/07/2023,Cantidad de ATM por Operadora,1053,966,OMP 04
01/08/2023,Cantidad de ATM por Operadora,1053,969,OMP 04
01/09/2023,Cantidad de ATM por Operadora,1053,974,OMP 04
01/10/2023,Cantidad de ATM por Operadora,1053,976,OMP 04
01/11/2023,Cantidad de ATM por Operadora,1053,976,OMP 04
01/12/2023,Cantidad de ATM por Operadora,1053,974,OMP 04
01/01/2024,Cantidad de ATM por Operadora,1053,970,OMP 04
01/02/2024,Cantidad de ATM por Operadora,1053,966,OMP 04
01/03/2024,Cantidad de ATM por Operadora,1053,967,OMP 04
01/04/2024,Cantidad de ATM por Operadora,1053,969,OMP 04
01/05/2024,Cantidad de ATM por Operadora,1053,969,OMP 04
01/06/2024,Cantidad de ATM por Operadora,1053,871,OMP 04
01/07/2024,Cantidad de ATM por Operadora,1053,869,OMP 04
01/08/2024,Cantidad de ATM por Operadora,1053,875,OMP 04
01/09/2024,Cantidad de ATM por Operadora,1053,878,OMP 04
01/10/2024,Cantidad de ATM por Operadora,1053,879,OMP 04
01/11/2024,Cantidad de ATM por Operadora,1053,886,OMP 04
01/12/2024,Cantidad de ATM por Operadora,1053,892,OMP 04
01/01/2025,Cantidad de ATM por Operadora,1053,894,OMP 04
01/02/2025,Cantidad de ATM por Operadora,1053,856,OMP 04
01/03/2025,Cantidad de ATM por Operadora,1053,849,OMP 04
01/04/2025,Cantidad de ATM por Operadora,1053,844,OMP 04
01/05/2025,Cantidad de ATM por Operadora,1053,847,OMP 04
01/06/2025,Cantidad de ATM por Operadora,1053,851,OMP 04
01/07/2025,Cantidad de ATM por Operadora,1053,883,OMP 04
01/08/2025,Cantidad de ATM por Operadora,1053,864,OMP 04
01/09/2025,Cantidad de ATM por Operadora,1053,877,OMP 04
01/10/2025,Cantidad de ATM por Operadora,1053,887,OMP 04
01/11/2025,Cantidad de ATM por Operadora,1053,889,OMP 04
01/12/2025,Cantidad de ATM por Operadora,1053,893,OMP 04
01/01/2026,Cantidad de ATM por Operadora,1053,897,OMP 04
01/02/2026,Cantidad de ATM por Operadora,1053,898,OMP 04
01/03/2026,Cantidad de ATM por Operadora,1053,898,OMP 04
01/02/2018,Cantidad de Comercios Adheridos por Operadora,25530,25794,OMP 04
01/03/2018,Cantidad de Comercios Adheridos por Operadora,25530,26164,OMP 04
01/04/2018,Cantidad de Comercios Adheridos por Operadora,25530,26664,OMP 04
01/05/2018,Cantidad de Comercios Adheridos por Operadora,25530,27112,OMP 04
01/06/2018,Cantidad de Comercios Adheridos por Operadora,25530,27263,OMP 04
01/07/2018,Cantidad de Comercios Adheridos por Operadora,25530,27639,OMP 04
01/08/2018,Cantidad de Comercios Adheridos por Operadora,25530,27974,OMP 04
01/09/2018,Cantidad de Comercios Adheridos por Operadora,25530,28249,OMP 04
01/10/2018,Cantidad de Comercios Adheridos por Operadora,25530,28555,OMP 04
01/11/2018,Cantidad de Comercios Adheridos por Operadora,25530,28790,OMP 04
01/12/2018,Cantidad de Comercios Adheridos por Operadora,25530,29132,OMP 04
01/01/2019,Cantidad de Comercios Adheridos por Operadora,25530,29168,OMP 04
01/02/2019,Cantidad de Comercios Adheridos por Operadora,25530,29484,OMP 04
01/03/2019,Cantidad de Comercios Adheridos por Operadora,25530,29672,OMP 04
01/04/2019,Cantidad de Comercios Adheridos por Operadora,25530,29589,OMP 04
01/05/2019,Cantidad de Comercios Adheridos por Operadora,25530,29716,OMP 04
01/06/2019,Cantidad de Comercios Adheridos por Operadora,25530,29836,OMP 04
01/07/2019,Cantidad de Comercios Adheridos por Operadora,25530,30102,OMP 04
01/08/2019,Cantidad de Comercios Adheridos por Operadora,25530,30127,OMP 04
01/09/2019,Cantidad de Comercios Adheridos por Operadora,25530,30299,OMP 04
01/10/2019,Cantidad de Comercios Adheridos por Operadora,25530,30672,OMP 04
01/11/2019,Cantidad de Comercios Adheridos por Operadora,25530,30840,OMP 04
01/12/2019,Cantidad de Comercios Adheridos por Operadora,25530,31024,OMP 04
01/01/2020,Cantidad de Comercios Adheridos por Operadora,25530,31044,OMP 04
01/02/2020,Cantidad de Comercios Adheridos por Operadora,25530,31219,OMP 04
01/03/2020,Cantidad de Comercios Adheridos por Operadora,25530,31268,OMP 04
01/04/2020,Cantidad de Comercios Adheridos por Operadora,25530,32298,OMP 04
01/05/2020,Cantidad de Comercios Adheridos por Operadora,25530,33319,OMP 04
01/06/2020,Cantidad de Comercios Adheridos por Operadora,25530,33495,OMP 04
01/07/2020,Cantidad de Comercios Adheridos por Operadora,25530,33131,OMP 04
01/08/2020,Cantidad de Comercios Adheridos por Operadora,25530,33149,OMP 04
01/09/2020,Cantidad de Comercios Adheridos por Operadora,25530,33208,OMP 04
01/10/2020,Cantidad de Comercios Adheridos por Operadora,25530,33449,OMP 04
01/11/2020,Cantidad de Comercios Adheridos por Operadora,25530,33496,OMP 04
01/12/2020,Cantidad de Comercios Adheridos por Operadora,25530,33982,OMP 04
01/01/2021,Cantidad de Comercios Adheridos por Operadora,25530,34342,OMP 04
01/02/2021,Cantidad de Comercios Adheridos por Operadora,25530,34811,OMP 04
01/03/2021,Cantidad de Comercios Adheridos por Operadora,25530,34991,OMP 04
01/04/2021,Cantidad de Comercios Adheridos por Operadora,25530,35238,OMP 04
01/05/2021,Cantidad de Comercios Adheridos por Operadora,25530,35404,OMP 04
01/06/2021,Cantidad de Comercios Adheridos por Operadora,25530,35702,OMP 04
01/07/2021,Cantidad de Comercios Adheridos por Operadora,25530,35939,OMP 04
01/08/2021,Cantidad de Comercios Adheridos por Operadora,25530,36152,OMP 04
01/09/2021,Cantidad de Comercios Adheridos por Operadora,25530,35958,OMP 04
01/10/2021,Cantidad de Comercios Adheridos por Operadora,25530,36146,OMP 04
01/11/2021,Cantidad de Comercios Adheridos por Operadora,25530,36203,OMP 04
01/12/2021,Cantidad de Comercios Adheridos por Operadora,25530,36868,OMP 04
01/01/2022,Cantidad de Comercios Adheridos por Operadora,25530,36930,OMP 04
01/02/2022,Cantidad de Comercios Adheridos por Operadora,25530,37360,OMP 04
01/03/2022,Cantidad de Comercios Adheridos por Operadora,25530,37740,OMP 04
01/04/2022,Cantidad de Comercios Adheridos por Operadora,25530,38010,OMP 04
01/05/2022,Cantidad de Comercios Adheridos por Operadora,25530,38321,OMP 04
01/06/2022,Cantidad de Comercios Adheridos por Operadora,25530,38646,OMP 04
01/07/2022,Cantidad de Comercios Adheridos por Operadora,25530,39044,OMP 04
01/08/2022,Cantidad de Comercios Adheridos por Operadora,25530,39546,OMP 04
01/09/2022,Cantidad de Comercios Adheridos por Operadora,25530,40214,OMP 04
01/10/2022,Cantidad de Comercios Adheridos por Operadora,25530,40554,OMP 04
01/11/2022,Cantidad de Comercios Adheridos por Operadora,25530,41123,OMP 04
01/12/2022,Cantidad de Comercios Adheridos por Operadora,25530,41975,OMP 04
01/01/2023,Cantidad de Comercios Adheridos por Operadora,25530,42594,OMP 04
01/02/2023,Cantidad de Comercios Adheridos por Operadora,25530,43245,OMP 04
01/03/2023,Cantidad de Comercios Adheridos por Operadora,25530,43954,OMP 04
01/04/2023,Cantidad de Comercios Adheridos por Operadora,25530,44728,OMP 04
01/05/2023,Cantidad de Comercios Adheridos por Operadora,25530,45410,OMP 04
01/06/2023,Cantidad de Comercios Adheridos por Operadora,25530,46389,OMP 04
01/07/2023,Cantidad de Comercios Adheridos por Operadora,25530,48196,OMP 04
01/08/2023,Cantidad de Comercios Adheridos por Operadora,25530,48562,OMP 04
01/09/2023,Cantidad de Comercios Adheridos por Operadora,25530,49655,OMP 04
01/10/2023,Cantidad de Comercios Adheridos por Operadora,25530,51052,OMP 04
01/11/2023,Cantidad de Comercios Adheridos por Operadora,25530,52272,OMP 04
01/12/2023,Cantidad de Comercios Adheridos por Operadora,25530,53306,OMP 04
01/01/2024,Cantidad de Comercios Adheridos por Operadora,25530,54280,OMP 04
01/02/2024,Cantidad de Comercios Adheridos por Operadora,25530,55367,OMP 04
01/03/2024,Cantidad de Comercios Adheridos por Operadora,25530,56377,OMP 04
01/04/2024,Cantidad de Comercios Adheridos por Operadora,25530,57531,OMP 04
01/05/2024,Cantidad de Comercios Adheridos por Operadora,25530,58471,OMP 04
01/06/2024,Cantidad de Comercios Adheridos por Operadora,25530,59429,OMP 04
01/07/2024,Cantidad de Comercios Adheridos por Operadora,25530,60493,OMP 04
01/08/2024,Cantidad de Comercios Adheridos por Operadora,25530,61555,OMP 04
01/09/2024,Cantidad de Comercios Adheridos por Operadora,25530,63798,OMP 04
01/10/2024,Cantidad de Comercios Adheridos por Operadora,25530,66682,OMP 04
01/11/2024,Cantidad de Comercios Adheridos por Operadora,25530,69358,OMP 04
01/12/2024,Cantidad de Comercios Adheridos por Operadora,25530,70918,OMP 04
01/01/2025,Cantidad de Comercios Adheridos por Operadora,25530,72212,OMP 04
01/02/2025,Cantidad de Comercios Adheridos por Operadora,25530,73415,OMP 04
01/03/2025,Cantidad de Comercios Adheridos por Operadora,25530,74718,OMP 04
01/04/2025,Cantidad de Comercios Adheridos por Operadora,25530,75638,OMP 04
01/05/2025,Cantidad de Comercios Adheridos por Operadora,25530,76896,OMP 04
01/06/2025,Cantidad de Comercios Adheridos por Operadora,25530,77877,OMP 04
01/07/2025,Cantidad de Comercios Adheridos por Operadora,25530,78922,OMP 04
01/08/2025,Cantidad de Comercios Adheridos por Operadora,25530,79844,OMP 04
01/09/2025,Cantidad de Comercios Adheridos por Operadora,25530,80876,OMP 04
01/10/2025,Cantidad de Comercios Adheridos por Operadora,25530,81965,OMP 04
01/11/2025,Cantidad de Comercios Adheridos por Operadora,25530,82983,OMP 04
01/12/2025,Cantidad de Comercios Adheridos por Operadora,25530,83805,OMP 04
01/01/2026,Cantidad de Comercios Adheridos por Operadora,25530,84158,OMP 04
01/02/2026,Cantidad de Comercios Adheridos por Operadora,25530,85160,OMP 04
01/03/2026,Cantidad de Comercios Adheridos por Operadora,25530,86425,OMP 04
01/02/2018,Cantidad de POS por Operadora,35296,35633,OMP 04
01/03/2018,Cantidad de POS por Operadora,35296,36378,OMP 04
01/04/2018,Cantidad de POS por Operadora,35296,36902,OMP 04
01/05/2018,Cantidad de POS por Operadora,35296,37363,OMP 04
01/06/2018,Cantidad de POS por Operadora,35296,37640,OMP 04
01/07/2018,Cantidad de POS por Operadora,35296,38130,OMP 04
01/08/2018,Cantidad de POS por Operadora,35296,38441,OMP 04
01/09/2018,Cantidad de POS por Operadora,35296,38817,OMP 04
01/10/2018,Cantidad de POS por Operadora,35296,39279,OMP 04
01/11/2018,Cantidad de POS por Operadora,35296,39553,OMP 04
01/12/2018,Cantidad de POS por Operadora,35296,40256,OMP 04
01/01/2019,Cantidad de POS por Operadora,35296,40293,OMP 04
01/02/2019,Cantidad de POS por Operadora,35296,40718,OMP 04
01/03/2019,Cantidad de POS por Operadora,35296,41049,OMP 04
01/04/2019,Cantidad de POS por Operadora,35296,41025,OMP 04
01/05/2019,Cantidad de POS por Operadora,35296,41262,OMP 04
01/06/2019,Cantidad de POS por Operadora,35296,41303,OMP 04
01/07/2019,Cantidad de POS por Operadora,35296,41769,OMP 04
01/08/2019,Cantidad de POS por Operadora,35296,41916,OMP 04
01/09/2019,Cantidad de POS por Operadora,35296,42126,OMP 04
01/10/2019,Cantidad de POS por Operadora,35296,42909,OMP 04
01/11/2019,Cantidad de POS por Operadora,35296,43393,OMP 04
01/12/2019,Cantidad de POS por Operadora,35296,43948,OMP 04
01/01/2020,Cantidad de POS por Operadora,35296,43655,OMP 04
01/02/2020,Cantidad de POS por Operadora,35296,43784,OMP 04
01/03/2020,Cantidad de POS por Operadora,35296,44302,OMP 04
01/04/2020,Cantidad de POS por Operadora,35296,46000,OMP 04
01/05/2020,Cantidad de POS por Operadora,35296,47289,OMP 04
01/06/2020,Cantidad de POS por Operadora,35296,47249,OMP 04
01/07/2020,Cantidad de POS por Operadora,35296,46653,OMP 04
01/08/2020,Cantidad de POS por Operadora,35296,46737,OMP 04
01/09/2020,Cantidad de POS por Operadora,35296,46674,OMP 04
01/10/2020,Cantidad de POS por Operadora,35296,47111,OMP 04
01/11/2020,Cantidad de POS por Operadora,35296,47456,OMP 04
01/12/2020,Cantidad de POS por Operadora,35296,48307,OMP 04
01/01/2021,Cantidad de POS por Operadora,35296,48783,OMP 04
01/02/2021,Cantidad de POS por Operadora,35296,49465,OMP 04
01/03/2021,Cantidad de POS por Operadora,35296,49590,OMP 04
01/04/2021,Cantidad de POS por Operadora,35296,49801,OMP 04
01/05/2021,Cantidad de POS por Operadora,35296,50072,OMP 04
01/06/2021,Cantidad de POS por Operadora,35296,50574,OMP 04
01/07/2021,Cantidad de POS por Operadora,35296,50998,OMP 04
01/08/2021,Cantidad de POS por Operadora,35296,51209,OMP 04
01/09/2021,Cantidad de POS por Operadora,35296,51077,OMP 04
01/10/2021,Cantidad de POS por Operadora,35296,51373,OMP 04
01/11/2021,Cantidad de POS por Operadora,35296,51783,OMP 04
01/12/2021,Cantidad de POS por Operadora,35296,53002,OMP 04
01/01/2022,Cantidad de POS por Operadora,35296,52932,OMP 04
01/02/2022,Cantidad de POS por Operadora,35296,53419,OMP 04
01/03/2022,Cantidad de POS por Operadora,35296,53834,OMP 04
01/04/2022,Cantidad de POS por Operadora,35296,54122,OMP 04
01/05/2022,Cantidad de POS por Operadora,35296,54441,OMP 04
01/06/2022,Cantidad de POS por Operadora,35296,54806,OMP 04
01/07/2022,Cantidad de POS por Operadora,35296,55348,OMP 04
01/08/2022,Cantidad de POS por Operadora,35296,55730,OMP 04
01/09/2022,Cantidad de POS por Operadora,35296,56726,OMP 04
01/10/2022,Cantidad de POS por Operadora,35296,57492,OMP 04
01/11/2022,Cantidad de POS por Operadora,35296,58438,OMP 04
01/12/2022,Cantidad de POS por Operadora,35296,59772,OMP 04
01/01/2023,Cantidad de POS por Operadora,35296,60385,OMP 04
01/02/2023,Cantidad de POS por Operadora,35296,61207,OMP 04
01/03/2023,Cantidad de POS por Operadora,35296,61805,OMP 04
01/04/2023,Cantidad de POS por Operadora,35296,62479,OMP 04
01/05/2023,Cantidad de POS por Operadora,35296,63268,OMP 04
01/06/2023,Cantidad de POS por Operadora,35296,64523,OMP 04
01/07/2023,Cantidad de POS por Operadora,35296,65561,OMP 04
01/08/2023,Cantidad de POS por Operadora,35296,67020,OMP 04
01/09/2023,Cantidad de POS por Operadora,35296,68594,OMP 04
01/10/2023,Cantidad de POS por Operadora,35296,70118,OMP 04
01/11/2023,Cantidad de POS por Operadora,35296,71621,OMP 04
01/12/2023,Cantidad de POS por Operadora,35296,73221,OMP 04
01/01/2024,Cantidad de POS por Operadora,35296,74192,OMP 04
01/02/2024,Cantidad de POS por Operadora,35296,75374,OMP 04
01/03/2024,Cantidad de POS por Operadora,35296,76365,OMP 04
01/04/2024,Cantidad de POS por Operadora,35296,77768,OMP 04
01/05/2024,Cantidad de POS por Operadora,35296,78994,OMP 04
01/06/2024,Cantidad de POS por Operadora,35296,80087,OMP 04
01/07/2024,Cantidad de POS por Operadora,35296,81285,OMP 04
01/08/2024,Cantidad de POS por Operadora,35296,82688,OMP 04
01/09/2024,Cantidad de POS por Operadora,35296,85446,OMP 04
01/10/2024,Cantidad de POS por Operadora,35296,88809,OMP 04
01/11/2024,Cantidad de POS por Operadora,35296,92433,OMP 04
01/12/2024,Cantidad de POS por Operadora,35296,94662,OMP 04
01/01/2025,Cantidad de POS por Operadora,35296,95947,OMP 04
01/02/2025,Cantidad de POS por Operadora,35296,97404,OMP 04
01/03/2025,Cantidad de POS por Operadora,35296,98861,OMP 04
01/04/2025,Cantidad de POS por Operadora,35296,100321,OMP 04
01/05/2025,Cantidad de POS por Operadora,35296,101855,OMP 04
01/06/2025,Cantidad de POS por Operadora,35296,102895,OMP 04
01/07/2025,Cantidad de POS por Operadora,35296,104057,OMP 04
01/08/2025,Cantidad de POS por Operadora,35296,105531,OMP 04
01/09/2025,Cantidad de POS por Operadora,35296,106915,OMP 04
01/10/2025,Cantidad de POS por Operadora,35296,108513,OMP 04
01/11/2025,Cantidad de POS por Operadora,35296,110451,OMP 04
01/12/2025,Cantidad de POS por Operadora,35296,112078,OMP 04
01/01/2026,Cantidad de POS por Operadora,35296,114141,OMP 04
01/02/2026,Cantidad de POS por Operadora,35296,113531,OMP 04
01/03/2026,Cantidad de POS por Operadora,35296,115395,OMP 04
01/02/2018,Extracciones en ATM,3330877,3511077,OMP 04
01/03/2018,Extracciones en ATM,3330877,3972244,OMP 04
01/04/2018,Extracciones en ATM,3330877,3554581,OMP 04
01/05/2018,Extracciones en ATM,3330877,3612300,OMP 04
01/06/2018,Extracciones en ATM,3330877,3604996,OMP 04
01/07/2018,Extracciones en ATM,3330877,3617372,OMP 04
01/08/2018,Extracciones en ATM,3330877,3652184,OMP 04
01/09/2018,Extracciones en ATM,3330877,3646415,OMP 04
01/10/2018,Extracciones en ATM,3330877,3683213,OMP 04
01/11/2018,Extracciones en ATM,3330877,3829112,OMP 04
01/12/2018,Extracciones en ATM,3330877,5159251,OMP 04
01/01/2019,Extracciones en ATM,3330877,3614595,OMP 04
01/02/2019,Extracciones en ATM,3330877,3653130,OMP 04
01/03/2019,Extracciones en ATM,3330877,4268038,OMP 04
01/04/2019,Extracciones en ATM,3330877,3537482,OMP 04
01/05/2019,Extracciones en ATM,3330877,3960663,OMP 04
01/06/2019,Extracciones en ATM,3330877,3693995,OMP 04
01/07/2019,Extracciones en ATM,3330877,3849690,OMP 04
01/08/2019,Extracciones en ATM,3330877,3968451,OMP 04
01/09/2019,Extracciones en ATM,3330877,3833619,OMP 04
01/10/2019,Extracciones en ATM,3330877,4004514,OMP 04
01/11/2019,Extracciones en ATM,3330877,4148994,OMP 04
01/12/2019,Extracciones en ATM,3330877,5425203,OMP 04
01/01/2020,Extracciones en ATM,3330877,3813002,OMP 04
01/02/2020,Extracciones en ATM,3330877,3957116,OMP 04
01/03/2020,Extracciones en ATM,3330877,3451883,OMP 04
01/04/2020,Extracciones en ATM,3330877,2839787,OMP 04
01/05/2020,Extracciones en ATM,3330877,3521893,OMP 04
01/06/2020,Extracciones en ATM,3330877,3299364,OMP 04
01/07/2020,Extracciones en ATM,3330877,3699382,OMP 04
01/08/2020,Extracciones en ATM,3330877,3568673,OMP 04
01/09/2020,Extracciones en ATM,3330877,3404726,OMP 04
01/10/2020,Extracciones en ATM,3330877,3956794,OMP 04
01/11/2020,Extracciones en ATM,3330877,3603118,OMP 04
01/12/2020,Extracciones en ATM,3330877,5230486,OMP 04
01/01/2021,Extracciones en ATM,3330877,3726731,OMP 04
01/02/2021,Extracciones en ATM,3330877,3716414,OMP 04
01/03/2021,Extracciones en ATM,3330877,3846740,OMP 04
01/04/2021,Extracciones en ATM,3330877,3522809,OMP 04
01/05/2021,Extracciones en ATM,3330877,3749488,OMP 04
01/06/2021,Extracciones en ATM,3330877,3607309,OMP 04
01/07/2021,Extracciones en ATM,3330877,4188982,OMP 04
01/08/2021,Extracciones en ATM,3330877,4031126.7,OMP 04
01/09/2021,Extracciones en ATM,3330877,4268470,OMP 04
01/10/2021,Extracciones en ATM,3330877,4651756,OMP 04
01/11/2021,Extracciones en ATM,3330877,4495633,OMP 04
01/12/2021,Extracciones en ATM,3330877,6502483,OMP 04
01/01/2022,Extracciones en ATM,3330877,4324535,OMP 04
01/02/2022,Extracciones en ATM,3330877,4580021,OMP 04
01/03/2022,Extracciones en ATM,3330877,4591715,OMP 04
01/04/2022,Extracciones en ATM,3330877,4723813,OMP 04
01/05/2022,Extracciones en ATM,3330877,4437819,OMP 04
01/06/2022,Extracciones en ATM,3330877,4396884,OMP 04
01/07/2022,Extracciones en ATM,3330877,4975790,OMP 04
01/08/2022,Extracciones en ATM,3330877,4653786,OMP 04
01/09/2022,Extracciones en ATM,3330877,4432987,OMP 04
01/10/2022,Extracciones en ATM,3330877,4885713,OMP 04
01/11/2022,Extracciones en ATM,3330877,4231963,OMP 04
01/12/2022,Extracciones en ATM,3330877,5665685,OMP 04
01/01/2023,Extracciones en ATM,3330877,4053915,OMP 04
01/02/2023,Extracciones en ATM,3330877,3987810,OMP 04
01/03/2023,Extracciones en ATM,3330877,4436119,OMP 04
01/04/2023,Extracciones en ATM,3330877,4139084,OMP 04
01/05/2023,Extracciones en ATM,3330877,4080001,OMP 04
01/06/2023,Extracciones en ATM,3330877,4227846,OMP 04
01/07/2023,Extracciones en ATM,3330877,4317472,OMP 04
01/08/2023,Extracciones en ATM,3330877,4238376,OMP 04
01/09/2023,Extracciones en ATM,3330877,4316622,OMP 04
01/10/2023,Extracciones en ATM,3330877,4218392,OMP 04
01/11/2023,Extracciones en ATM,3330877,4372421,OMP 04
01/12/2023,Extracciones en ATM,3330877,5677972,OMP 04
01/01/2024,Extracciones en ATM,3330877,4089359,OMP 04
01/02/2024,Extracciones en ATM,3330877,4109455,OMP 04
01/03/2024,Extracciones en ATM,3330877,4328036,OMP 04
01/04/2024,Extracciones en ATM,3330877,4022232,OMP 04
01/05/2024,Extracciones en ATM,3330877,4065290,OMP 04
01/06/2024,Extracciones en ATM,3330877,4041824,OMP 04
01/07/2024,Extracciones en ATM,3330877,3837023,OMP 04
01/08/2024,Extracciones en ATM,3330877,4026736,OMP 04
01/09/2024,Extracciones en ATM,3330877,4091731,OMP 04
01/10/2024,Extracciones en ATM,3330877,3854191,OMP 04
01/11/2024,Extracciones en ATM,3330877,4026557,OMP 04
01/12/2024,Extracciones en ATM,3330877,5004452,OMP 04
01/01/2025,Extracciones en ATM,3330877,3694921,OMP 04
01/02/2025,Extracciones en ATM,3330877,3484645,OMP 04
01/03/2025,Extracciones en ATM,3330877,3895960,OMP 04
01/04/2025,Extracciones en ATM,3330877,3572231,OMP 04
01/05/2025,Extracciones en ATM,3330877,3887085,OMP 04
01/06/2025,Extracciones en ATM,3330877,4199735,OMP 04
01/07/2025,Extracciones en ATM,3330877,4510221,OMP 04
01/08/2025,Extracciones en ATM,3330877,4413589,OMP 04
01/09/2025,Extracciones en ATM,3330877,4246249,OMP 04
01/10/2025,Extracciones en ATM,3330877,4407832,OMP 04
01/11/2025,Extracciones en ATM,3330877,4327536,OMP 04
01/12/2025,Extracciones en ATM,3330877,5440058,OMP 04
01/01/2026,Extracciones en ATM,3330877,4086527,OMP 04
01/02/2026,Extracciones en ATM,3330877,3882849,OMP 04
01/03/2026,Extracciones en ATM,3330877,4168401,OMP 04
01/02/2018,Total QR,0,0,OMP 04
01/03/2018,Total QR,0,0,OMP 04
01/04/2018,Total QR,0,0,OMP 04
01/05/2018,Total QR,0,0,OMP 04
01/06/2018,Total QR,0,0,OMP 04
01/07/2018,Total QR,0,0,OMP 04
01/08/2018,Total QR,0,0,OMP 04
01/09/2018,Total QR,0,0,OMP 04
01/10/2018,Total QR,0,0,OMP 04
01/11/2018,Total QR,0,0,OMP 04
01/12/2018,Total QR,0,0,OMP 04
01/01/2019,Total QR,0,0,OMP 04
01/02/2019,Total QR,0,0,OMP 04
01/03/2019,Total QR,0,0,OMP 04
01/04/2019,Total QR,0,0,OMP 04
01/05/2019,Total QR,0,0,OMP 04
01/06/2019,Total QR,0,0,OMP 04
01/07/2019,Total QR,0,0,OMP 04
01/08/2019,Total QR,0,0,OMP 04
01/09/2019,Total QR,0,0,OMP 04
01/10/2019,Total QR,0,0,OMP 04
01/11/2019,Total QR,0,0,OMP 04
01/12/2019,Total QR,0,0,OMP 04
01/01/2020,Total QR,0,0,OMP 04
01/02/2020,Total QR,0,0,OMP 04
01/03/2020,Total QR,0,0,OMP 04
01/04/2020,Total QR,0,0,OMP 04
01/05/2020,Total QR,0,0,OMP 04
01/06/2020,Total QR,0,0,OMP 04
01/07/2020,Total QR,0,0,OMP 04
01/08/2020,Total QR,0,0,OMP 04
01/09/2020,Total QR,0,0,OMP 04
01/10/2020,Total QR,0,0,OMP 04
01/11/2020,Total QR,0,0,OMP 04
01/12/2020,Total QR,0,0,OMP 04
01/01/2021,Total QR,0,0,OMP 04
01/02/2021,Total QR,0,0,OMP 04
01/03/2021,Total QR,0,0,OMP 04
01/04/2021,Total QR,0,0,OMP 04
01/05/2021,Total QR,0,0,OMP 04
01/06/2021,Total QR,0,0,OMP 04
01/07/2021,Total QR,0,0,OMP 04
01/08/2021,Total QR,0,0,OMP 04
01/09/2021,Total QR,0,0,OMP 04
01/10/2021,Total QR,0,0,OMP 04
01/11/2021,Total QR,0,0,OMP 04
01/12/2021,Total QR,0,0,OMP 04
01/01/2022,Total QR,0,305453,OMP 04
01/02/2022,Total QR,0,386004,OMP 04
01/03/2022,Total QR,0,517119,OMP 04
01/04/2022,Total QR,0,529780,OMP 04
01/05/2022,Total QR,0,691914,OMP 04
01/06/2022,Total QR,0,789631,OMP 04
01/07/2022,Total QR,0,985291,OMP 04
01/08/2022,Total QR,0,1170905,OMP 04
01/09/2022,Total QR,0,1277617,OMP 04
01/10/2022,Total QR,0,1499205,OMP 04
01/11/2022,Total QR,0,1673051,OMP 04
01/12/2022,Total QR,0,2264129,OMP 04
01/01/2023,Total QR,0,2050220,OMP 04
01/02/2023,Total QR,0,2048152,OMP 04
01/03/2023,Total QR,0,2517129,OMP 04
01/04/2023,Total QR,0,2502401,OMP 04
01/05/2023,Total QR,0,2917074,OMP 04
01/06/2023,Total QR,0,2966647,OMP 04
01/07/2023,Total QR,0,3334117,OMP 04
01/08/2023,Total QR,0,3717989,OMP 04
01/09/2023,Total QR,0,4054712,OMP 04
01/10/2023,Total QR,0,4550994,OMP 04
01/11/2023,Total QR,0,4857780,OMP 04
01/12/2023,Total QR,0,5990158,OMP 04
01/01/2024,Total QR,0,5840918,OMP 04
01/02/2024,Total QR,0,6104363,OMP 04
01/03/2024,Total QR,0,6816850,OMP 04
01/04/2024,Total QR,0,7165878,OMP 04
01/05/2024,Total QR,0,7713362,OMP 04
01/06/2024,Total QR,0,8214408,OMP 04
01/07/2024,Total QR,0,9304393,OMP 04
01/08/2024,Total QR,0,10381302,OMP 04
01/09/2024,Total QR,0,10640103,OMP 04
01/10/2024,Total QR,0,11462234,OMP 04
01/11/2024,Total QR,0,11954560,OMP 04
01/12/2024,Total QR,0,13465716,OMP 04
01/01/2025,Total QR,0,12514900,OMP 04
01/02/2025,Total QR,0,12249366,OMP 04
01/03/2025,Total QR,0,13894958,OMP 04
01/04/2025,Total QR,0,13303460,OMP 04
01/05/2025,Total QR,0,14815069,OMP 04
01/06/2025,Total QR,0,14494648,OMP 04
01/07/2025,Total QR,0,16300482,OMP 04
01/08/2025,Total QR,0,17392499,OMP 04
01/09/2025,Total QR,0,17606199,OMP 04
01/10/2025,Total QR,0,19243731,OMP 04
01/11/2025,Total QR,0,19881809,OMP 04
01/12/2025,Total QR,0,22779270,OMP 04
01/01/2026,Total QR,0,21240045,OMP 04
01/02/2026,Total QR,0,20922586,OMP 04
01/03/2026,Total QR,0,24061390,OMP 04
